code	url	creator	created_t	last_modified_t	product_name	generic_name	quantity	packaging	packaging_tags	brands	brands_tags	categories	categories_tags	origins	origins_tags	manufacturing_places	manufacturing_places_tags	labels	labels_tags	emb_codes	emb_codes_tags	cities	cities_tags	purchase_places	stores	countries	ingredients_text	allergens	allergens_tags	traces	traces_tags	serving_size	serving_quantity	no_nutriments	additives_n	additives_tags	ingredients_from_palm_oil_n	ingredients_from_palm_oil	ingredients_from_palm_oil_tags	ingredients_that_may_be_from_palm_oil_n	ingredients_that_may_be_from_palm_oil	ingredients_that_may_be_from_palm_oil_tags	nutrition_grade_fr	nova_group	pnns_groups_1	pnns_groups_2	states	main_category	image_url	image_small_url	image_front_url	image_front_small_url	image_ingredients_url	image_ingredients_small_url	image_nutrition_url	image_nutrition_small_url	energy_100g	energy-from-fat_100g	fat_100g	saturated-fat_100g	-butyric-acid_100g	-caproic-acid_100g	-caprylic-acid_100g	-capric-acid_100g	-lauric-acid_100g	-myristic-acid_100g	-palmitic-acid_100g	-stearic-acid_100g	-arachidic-acid_100g	-behenic-acid_100g	-lignoceric-acid_100g	-cerotic-acid_100g	-montanic-acid_100g	-melissic-acid_100g	monounsaturated-fat_100g	polyunsaturated-fat_100g	omega-3-fat_100g	-alpha-linolenic-acid_100g	-eicosapentaenoic-acid_100g	-docosahexaenoic-acid_100g	omega-6-fat_100g	-linoleic-acid_100g	-arachidonic-acid_100g	-gamma-linolenic-acid_100g	-dihomo-gamma-linolenic-acid_100g	omega-9-fat_100g	-oleic-acid_100g	-elaidic-acid_100g	-gondoic-acid_100g	-mead-acid_100g	-erucic-acid_100g	-nervonic-acid_100g	trans-fat_100g	cholesterol_100g	carbohydrates_100g	sugars_100g	-sucrose_100g	-glucose_100g	-fructose_100g	-lactose_100g	-maltose_100g	-maltodextrins_100g	starch_100g	polyols_100g	fiber_100g	proteins_100g	casein_100g	serum-proteins_100g	nucleotides_100g	salt_100g	sodium_100g	alcohol_100g	vitamin-a_100g	beta-carotene_100g	vitamin-d_100g	vitamin-e_100g	vitamin-k_100g	vitamin-c_100g	vitamin-b1_100g	vitamin-b2_100g	vitamin-pp_100g	vitamin-b6_100g	vitamin-b9_100g	folates_100g	vitamin-b12_100g	biotin_100g	pantothenic-acid_100g	silica_100g	bicarbonate_100g	potassium_100g	chloride_100g	calcium_100g	phosphorus_100g	iron_100g	magnesium_100g	zinc_100g	copper_100g	manganese_100g	fluoride_100g	selenium_100g	chromium_100g	molybdenum_100g	iodine_100g	caffeine_100g	taurine_100g	ph_100g	fruits-vegetables-nuts_100g	fruits-vegetables-nuts-dried_100g	fruits-vegetables-nuts-estimate_100g	collagen-meat-protein-ratio_100g	cocoa_100g	chlorophyl_100g	carbon-footprint_100g	carbon-footprint-from-meat-or-fish_100g	nutrition-score-fr_100g	nutrition-score-uk_100g	glycemic-index_100g	water-hardness_100g	choline_100g	phylloquinone_100g	beta-glucan_100g	inositol_100g	carnitine_100g
9311336003544	https://world.openfoodfacts.org/product/9311336003544	clockwerx	1554696173	1554696243	fruitylicious tomato juice		350 ml	plastic	plastic	nippy's	nippy-s	Tomato juices	en:plant-based-foods-and-beverages,en:beverages,en:plant-based-foods,en:fruits-and-vegetables-based-foods,en:plant-based-beverages,en:vegetables-based-foods,en:juices-and-nectars,en:vegetable-based-foods-and-beverages,en:tomatoes-and-tomato-products,en:vegetable-based-beverages,en:vegetable-juices,en:tomato-juices,en:non-alcoholic-beverages,en:sweetened-beverages													en:Australia	INGREDIENTS: RECONSTITUTED TOMATO JUICE (98.2%), SUGAR, SALT, VITAMIN C (300).								1	en:e300	0			0				3	Beverages	Sweetened beverages	en:to-be-checked, en:complete, en:nutrition-facts-completed, en:ingredients-completed, en:expiration-date-to-be-completed, en:packaging-code-to-be-completed, en:characteristics-completed, en:categories-completed, en:brands-completed, en:packaging-completed, en:quantity-completed, en:product-name-completed, en:photos-validated, en:photos-uploaded	en:tomato-juices	https://static.openfoodfacts.org/images/products/931/133/600/3544/front_en.4.400.jpg	https://static.openfoodfacts.org/images/products/931/133/600/3544/front_en.4.200.jpg	https://static.openfoodfacts.org/images/products/931/133/600/3544/front_en.4.400.jpg	https://static.openfoodfacts.org/images/products/931/133/600/3544/front_en.4.200.jpg	https://static.openfoodfacts.org/images/products/931/133/600/3544/ingredients_en.7.400.jpg	https://static.openfoodfacts.org/images/products/931/133/600/3544/ingredients_en.7.200.jpg	https://static.openfoodfacts.org/images/products/931/133/600/3544/nutrition_en.10.400.jpg	https://static.openfoodfacts.org/images/products/931/133/600/3544/nutrition_en.10.200.jpg																																																																																																											
9315596002491	https://world.openfoodfacts.org/product/9315596002491	ethanpopov	1406518973	1552174811	Original Lemon Thirst Crusher Solo Since 1973 No artificial colour and flavour		1.25L			Solo,Schweppes Australia	solo,schweppes-australia	Beverages, Carbonated drinks, Sodas, Sweetened beverages	en:beverages,en:carbonated-drinks,en:sodas,en:sweetened-beverages,en:non-alcoholic-beverages	Australia,Imported Unknown	australia,imported-unknown	Australia	australia								Coles,Bilo,Woolworths,IGA,Dan Murphys	Australia	Carbonated Water, Sugar, Reconstituted Lemon Juice (5%), Food Acids (330, 331), Flavour, Preservatives (211,223), Colour (102).					250ml	250		5	en:e102,en:e211,en:e223,en:e330,en:e331	0			0			e	4	Beverages	Sweetened beverages	en:to-be-completed, en:nutrition-facts-completed, en:ingredients-completed, en:expiration-date-to-be-completed, en:packaging-code-to-be-completed, en:characteristics-to-be-completed, en:categories-completed, en:brands-completed, en:packaging-to-be-completed, en:quantity-completed, en:product-name-completed, en:photos-to-be-validated, en:photos-uploaded	en:sodas	https://static.openfoodfacts.org/images/products/931/559/600/2491/front_en.17.400.jpg	https://static.openfoodfacts.org/images/products/931/559/600/2491/front_en.17.200.jpg	https://static.openfoodfacts.org/images/products/931/559/600/2491/front_en.17.400.jpg	https://static.openfoodfacts.org/images/products/931/559/600/2491/front_en.17.200.jpg			https://static.openfoodfacts.org/images/products/931/559/600/2491/nutrition_en.9.400.jpg	https://static.openfoodfacts.org/images/products/931/559/600/2491/nutrition_en.9.200.jpg	200		0	0																																			11.5	11.5										0.05				0.04572	0.018																																												15	2							
22000217	https://world.openfoodfacts.org/product/22000217	foodorigins	1451100806	1548663981	Cola		1.25L	Plastic Bottle	plastic-bottle	Regal,Aldi	regal,aldi	Beverages, Carbonated drinks, Sodas, Colas, Sweetened beverages	en:beverages,en:carbonated-drinks,en:sodas,en:colas,en:sweetened-beverages,en:non-alcoholic-beverages	Australia	australia	Australia	australia	Vegetarian, Vegan, Australian made, No artificial colors, No artificial colours or flavours, No artificial flavors	en:vegetarian,en:no-artificial-flavors,en:vegan,en:australian-made,en:no-artificial-colors,en:no-artificial-colours-or-flavours					NSW,Australia	Aldi	Australia	Carbonated Water, Sugar, Coloiur (150d), Acidity Regulator (338), Caffeine, Natural Flavour.					250ml	250		2	en:e150d,en:e338	0			0			e	4	Beverages	Sweetened beverages	en:to-be-checked, en:complete, en:nutrition-facts-completed, en:ingredients-completed, en:expiration-date-completed, en:packaging-code-to-be-completed, en:characteristics-completed, en:categories-completed, en:brands-completed, en:packaging-completed, en:quantity-completed, en:product-name-completed, en:photos-validated, en:photos-uploaded	en:colas	https://static.openfoodfacts.org/images/products/22000217/front_en.7.400.jpg	https://static.openfoodfacts.org/images/products/22000217/front_en.7.200.jpg	https://static.openfoodfacts.org/images/products/22000217/front_en.7.400.jpg	https://static.openfoodfacts.org/images/products/22000217/front_en.7.200.jpg	https://static.openfoodfacts.org/images/products/22000217/ingredients_en.8.400.jpg	https://static.openfoodfacts.org/images/products/22000217/ingredients_en.8.200.jpg	https://static.openfoodfacts.org/images/products/22000217/nutrition_en.9.400.jpg	https://static.openfoodfacts.org/images/products/22000217/nutrition_en.9.200.jpg	196		0	0																																			11.5	11.5										0				0.0127	0.005																																												15	2							
9311493003517	https://world.openfoodfacts.org/product/9311493003517	daviewales	1548035014	1548035432	Apple Cider Brewed Softdrink		1	glass	glass	Bundaberg	bundaberg	Beverages, Plant-based foods and beverages, Plant-based beverages, Carbonated drinks, Fruit-based beverages, Sodas, Fruit sodas, Apple soft drinks	en:plant-based-foods-and-beverages,en:beverages,en:plant-based-beverages,en:fruit-based-beverages,en:carbonated-drinks,en:sodas,en:fruit-sodas,en:apple-soft-drinks,en:non-alcoholic-beverages,en:sweetened-beverages			Australia	australia							Australia	Coles, Woolworths	en:AU	Apple Juice from Concentrate 70%, Water, Cane Sugar, Acid (Citric Acid, Malic Acid), Natural Apple Flavour, Carbon DIoxide, Preservative (211), Yeast.					375g	375		4	en:e211,en:e290,en:e296,en:e330	0			0				4	Beverages	Sweetened beverages	en:to-be-checked, en:complete, en:nutrition-facts-completed, en:ingredients-completed, en:expiration-date-to-be-completed, en:packaging-code-to-be-completed, en:characteristics-completed, en:categories-completed, en:brands-completed, en:packaging-completed, en:quantity-completed, en:product-name-completed, en:photos-validated, en:photos-uploaded	en:apple-soft-drinks	https://static.openfoodfacts.org/images/products/931/149/300/3517/front_en.4.400.jpg	https://static.openfoodfacts.org/images/products/931/149/300/3517/front_en.4.200.jpg	https://static.openfoodfacts.org/images/products/931/149/300/3517/front_en.4.400.jpg	https://static.openfoodfacts.org/images/products/931/149/300/3517/front_en.4.200.jpg	https://static.openfoodfacts.org/images/products/931/149/300/3517/ingredients_en.7.400.jpg	https://static.openfoodfacts.org/images/products/931/149/300/3517/ingredients_en.7.200.jpg	https://static.openfoodfacts.org/images/products/931/149/300/3517/nutrition_en.10.400.jpg	https://static.openfoodfacts.org/images/products/931/149/300/3517/nutrition_en.10.200.jpg	194		1	1																																			9.8	9.8														0.03302	0.013																																																				
41174203	https://world.openfoodfacts.org/product/41174203	clockwerx	1547688404	1547688545	organic cola		330ml	glass, bottle	glass,bottle	simple organics	simple-organics	Beverages, Carbonated drinks, Sodas, Colas	en:beverages,en:carbonated-drinks,en:sodas,en:colas,en:non-alcoholic-beverages,en:sweetened-beverages													en:AU																			Beverages	Sweetened beverages	en:to-be-completed, en:nutrition-facts-to-be-completed, en:ingredients-to-be-completed, en:expiration-date-to-be-completed, en:packaging-code-to-be-completed, en:characteristics-completed, en:categories-completed, en:brands-completed, en:packaging-completed, en:quantity-completed, en:product-name-completed, en:photos-validated, en:photos-uploaded	en:colas	https://static.openfoodfacts.org/images/products/41174203/front_en.4.400.jpg	https://static.openfoodfacts.org/images/products/41174203/front_en.4.200.jpg	https://static.openfoodfacts.org/images/products/41174203/front_en.4.400.jpg	https://static.openfoodfacts.org/images/products/41174203/front_en.4.200.jpg	https://static.openfoodfacts.org/images/products/41174203/ingredients_en.7.400.jpg	https://static.openfoodfacts.org/images/products/41174203/ingredients_en.7.200.jpg	https://static.openfoodfacts.org/images/products/41174203/nutrition_en.10.400.jpg	https://static.openfoodfacts.org/images/products/41174203/nutrition_en.10.200.jpg																																																																																																											
9315596002477	https://world.openfoodfacts.org/product/9315596002477	openfoodfacts-contributors	1424770948	1547045835	Schweppes Dry Ginger Ale	Dry ginger ale	1.25 L	Plastic bottle	plastic-bottle	Schweppes Australia,Asahi Breweries, Schweppes	schweppes-australia,asahi-breweries,schweppes	Beverages, Carbonated drinks, Sodas, Sweetened beverages, Mixer	en:beverages,en:carbonated-drinks,en:sodas,en:sweetened-beverages,en:mixer,en:non-alcoholic-beverages	Australia	australia	Australia	australia							Melbourne,Victoria,Australia	Piedemonte's IGA	Australia	Carbonated water, sugar, natural flavour, food acids (E330, E331), colour (caramel E150d), preservative (E211)					250ml	250		4	en:e150d,en:e211,en:e330,en:e331	0			0			e	4	Beverages	Sweetened beverages	en:to-be-checked, en:complete, en:nutrition-facts-completed, en:ingredients-completed, en:expiration-date-completed, en:packaging-code-to-be-completed, en:characteristics-completed, en:categories-completed, en:brands-completed, en:packaging-completed, en:quantity-completed, en:product-name-completed, en:photos-validated, en:photos-uploaded	en:sodas	https://static.openfoodfacts.org/images/products/931/559/600/2477/front_en.7.400.jpg	https://static.openfoodfacts.org/images/products/931/559/600/2477/front_en.7.200.jpg	https://static.openfoodfacts.org/images/products/931/559/600/2477/front_en.7.400.jpg	https://static.openfoodfacts.org/images/products/931/559/600/2477/front_en.7.200.jpg	https://static.openfoodfacts.org/images/products/931/559/600/2477/ingredients_en.8.400.jpg	https://static.openfoodfacts.org/images/products/931/559/600/2477/ingredients_en.8.200.jpg	https://static.openfoodfacts.org/images/products/931/559/600/2477/nutrition_en.12.400.jpg	https://static.openfoodfacts.org/images/products/931/559/600/2477/nutrition_en.12.200.jpg	135		0	0																																			7.6	7.6										0				0.04318	0.017																																												11	1							
8435185944009	https://world.openfoodfacts.org/product/8435185944009	foodorigins	1449125501	1544955898	Dr Pepper	Carbonated soft drink with sugar and sweeteners	330 ml	Canned,Metal,aluminium	canned,metal,aluminium	Dr pepper	dr-pepper	Beverages, Carbonated drinks, Sodas, Sweetened beverages	en:beverages,en:carbonated-drinks,en:sodas,en:sweetened-beverages,en:non-alcoholic-beverages	Poland,Imported Unknown	poland,imported-unknown	Poland	poland	Green Dot	en:green-dot						The Reject Shop,BILLA	Australie,France,Russie,Belgique		fr:Caramel E150d	fr:caramel-e150d														d		Beverages	Sweetened beverages	en:to-be-completed, en:nutrition-facts-completed, en:ingredients-to-be-completed, en:expiration-date-to-be-completed, en:packaging-code-to-be-completed, en:characteristics-completed, en:categories-completed, en:brands-completed, en:packaging-completed, en:quantity-completed, en:product-name-completed, en:photos-validated, en:photos-uploaded	en:sodas	https://static.openfoodfacts.org/images/products/843/518/594/4009/front_en.7.400.jpg	https://static.openfoodfacts.org/images/products/843/518/594/4009/front_en.7.200.jpg	https://static.openfoodfacts.org/images/products/843/518/594/4009/front_en.7.400.jpg	https://static.openfoodfacts.org/images/products/843/518/594/4009/front_en.7.200.jpg	https://static.openfoodfacts.org/images/products/843/518/594/4009/ingredients_en.8.400.jpg	https://static.openfoodfacts.org/images/products/843/518/594/4009/ingredients_en.8.200.jpg	https://static.openfoodfacts.org/images/products/843/518/594/4009/nutrition_en.9.400.jpg	https://static.openfoodfacts.org/images/products/843/518/594/4009/nutrition_en.9.200.jpg	117		0	0																																			7.2	6.9									0	0				0	0																																												9	1							
9002490100759	https://world.openfoodfacts.org/product/9002490100759	openfoodfacts-contributors	1540174530	1540174947	Energy drink		pack of 4 250ml each			Red bull	red-bull	Beverages, Energy drinks	en:beverages,en:energy-drinks,en:non-alcoholic-beverages,en:sweetened-beverages	Austria	austria											Australia	Ingredients: Carbonated Water, Sucrose, Glucose, Acidity Regulator. (Citric Acid, Sodium Bicarbonate, Magnesium Carbonate) (0.4%), Flavours, Colours (Caramel 1, Riboflavin), Caffeine (0.03%), Vitamins (Niacinamide, Pantothenic Acid, Bó, B12) CONTAINS CAFFEINE. NOT RECOMMENDED FOR CHILDREN, laurine PREGNANT OR LACTATING WOMEN OR CAFFEINE SENSITIVE PERSONS. USAGE: 2 CANS MAX. DAILY. Pasteurised. Best before and Lot ID-See base of can			en:caffeine	en:caffeine		0		5	en:e101,en:e101i,en:e150,en:e330,en:e500,en:e500ii,en:e504,en:e504i	0			0				4	Beverages	Sweetened beverages	en:to-be-completed, en:nutrition-facts-completed, en:ingredients-completed, en:expiration-date-to-be-completed, en:packaging-code-to-be-completed, en:characteristics-to-be-completed, en:categories-completed, en:brands-completed, en:packaging-to-be-completed, en:quantity-completed, en:product-name-completed, en:photos-validated, en:photos-uploaded	en:energy-drinks	https://static.openfoodfacts.org/images/products/900/249/010/0759/front_en.6.400.jpg	https://static.openfoodfacts.org/images/products/900/249/010/0759/front_en.6.200.jpg	https://static.openfoodfacts.org/images/products/900/249/010/0759/front_en.6.400.jpg	https://static.openfoodfacts.org/images/products/900/249/010/0759/front_en.6.200.jpg	https://static.openfoodfacts.org/images/products/900/249/010/0759/ingredients_en.9.400.jpg	https://static.openfoodfacts.org/images/products/900/249/010/0759/ingredients_en.9.200.jpg	https://static.openfoodfacts.org/images/products/900/249/010/0759/nutrition_en.12.400.jpg	https://static.openfoodfacts.org/images/products/900/249/010/0759/nutrition_en.12.200.jpg																																																																																																											
9556041612081	https://world.openfoodfacts.org/product/9556041612081	openfoodfacts-contributors	1424053634	1539062097	Ayam Pure Coconut Water	Coconut Water	330 ml	Carton,tetra briq,brique	carton,tetra-briq,brique	Ayam	ayam	Beverages, Plant-based foods and beverages, Plant-based beverages, Coconut waters, Sweetened beverages	en:plant-based-foods-and-beverages,en:beverages,en:plant-based-beverages,en:coconut-waters,en:sweetened-beverages,en:non-alcoholic-beverages	Malaisie	malaisie	Malaisie	malaisie								Coles,Bilo	Australia, France	Coconut water (98%), sugar					330 ml	330		0		0			0			d	3	Beverages	Sweetened beverages	en:to-be-completed, en:nutrition-facts-completed, en:ingredients-completed, en:expiration-date-to-be-completed, en:packaging-code-to-be-completed, en:characteristics-completed, en:categories-completed, en:brands-completed, en:packaging-completed, en:quantity-completed, en:product-name-completed, en:photos-to-be-validated, en:photos-uploaded	en:coconut-waters	https://static.openfoodfacts.org/images/products/955/604/161/2081/front_en.3.400.jpg	https://static.openfoodfacts.org/images/products/955/604/161/2081/front_en.3.200.jpg	https://static.openfoodfacts.org/images/products/955/604/161/2081/front_en.3.400.jpg	https://static.openfoodfacts.org/images/products/955/604/161/2081/front_en.3.200.jpg					76.1		0	0																																			4.55	4									0	0				0.0885	0.0348																			0.192																									6	0							
0078895126396	https://world.openfoodfacts.org/product/0078895126396	foodorigins	1424076905	1533917044	Lee Kum Kee Premium Soy Sauce		500ml	Bottle	bottle	Lee Kum Kee	lee-kum-kee	Beverages, Sweetened beverages, Asian-foods, Asian-grocery, Chinese-foods	en:beverages,en:sweetened-beverages,en:asian-foods,en:asian-grocery,en:chinese-foods,en:non-alcoholic-beverages	China	china	China	china	No preservatives	en:no-preservatives					Sydney,NSW,Australia	Coles,Bilo,Asian Supermarkets,Woolworths	Australia, France, United States	Water, salt, soybeans, sugar, wheat flour, sodium benzoate added as a preservative, disodium 5'-inosinate and disodium 5'-guanylate as flavor enhancers.		en:gluten,en:soybeans			15 ml (1 Tbsp)	15		0		0			0			e	3	Beverages	Sweetened beverages	en:to-be-completed, en:nutrition-facts-completed, en:ingredients-completed, en:expiration-date-to-be-completed, en:packaging-code-to-be-completed, en:characteristics-completed, en:categories-completed, en:brands-completed, en:packaging-completed, en:quantity-completed, en:product-name-completed, en:photos-to-be-validated, en:photos-uploaded	en:sweetened-beverages	https://static.openfoodfacts.org/images/products/007/889/512/6396/front_en.11.400.jpg	https://static.openfoodfacts.org/images/products/007/889/512/6396/front_en.11.200.jpg	https://static.openfoodfacts.org/images/products/007/889/512/6396/front_en.11.400.jpg	https://static.openfoodfacts.org/images/products/007/889/512/6396/front_en.11.200.jpg	https://static.openfoodfacts.org/images/products/007/889/512/6396/ingredients_en.6.400.jpg	https://static.openfoodfacts.org/images/products/007/889/512/6396/ingredients_en.6.200.jpg			385		0	0																																			14	10										7.7				17	6.69291338582677																																												27	13							
9310036041337	https://world.openfoodfacts.org/product/9310036041337	foodorigins	1467278855	1533916949	Real Coffee Ice Break Extra Shot		750 ml	plastique,bouteille,frais	plastique,bouteille,frais	Parmalat	parmalat	Beverages, Dairies, Dairy drinks, Coffee drinks, Coffee milks, Sweetened beverages	en:beverages,en:dairies,en:dairy-drinks,en:coffee-drinks,en:coffee-milks,en:sweetened-beverages,en:non-alcoholic-beverages					No colorings, No flavors, No preservatives	en:no-colorings,en:no-flavors,en:no-preservatives					Autralie,France		Australia, France	PASTEURISED COFFEE. Noadde flavours, colours or preservatives. CONTAINS LESSFATTHANFULLCREAMMILK.					500 ml	500		0		0			0			b	1	Beverages	Sweetened beverages	en:to-be-checked, en:complete, en:nutrition-facts-completed, en:ingredients-completed, en:expiration-date-completed, en:packaging-code-to-be-completed, en:characteristics-completed, en:categories-completed, en:brands-completed, en:packaging-completed, en:quantity-completed, en:product-name-completed, en:photos-validated, en:photos-uploaded	en:coffee-milks	https://static.openfoodfacts.org/images/products/931/003/604/1337/front_en.6.400.jpg	https://static.openfoodfacts.org/images/products/931/003/604/1337/front_en.6.200.jpg	https://static.openfoodfacts.org/images/products/931/003/604/1337/front_en.6.400.jpg	https://static.openfoodfacts.org/images/products/931/003/604/1337/front_en.6.200.jpg	https://static.openfoodfacts.org/images/products/931/003/604/1337/ingredients_en.13.400.jpg	https://static.openfoodfacts.org/images/products/931/003/604/1337/ingredients_en.13.200.jpg	https://static.openfoodfacts.org/images/products/931/003/604/1337/nutrition_en.7.400.jpg	https://static.openfoodfacts.org/images/products/931/003/604/1337/nutrition_en.7.200.jpg	300		1.7	1.1																																			10.3	9.6									0	3.7				0.1016	0.04																																	0.041											1	1							
8850367991723	https://world.openfoodfacts.org/product/8850367991723	foodorigins	1480304193	1533591247	Coconut Water		350ml	Canned	canned	Chaokoh,Theppadungporn Coconut Co. LTD,TCC	chaokoh,theppadungporn-coconut-co-ltd,tcc	Beverages, Plant-based foods and beverages, Plant-based beverages, Coconut waters, Sweetened beverages	en:plant-based-foods-and-beverages,en:beverages,en:plant-based-beverages,en:coconut-waters,en:sweetened-beverages,en:non-alcoholic-beverages	Thailand	thailand	Thailand	thailand	Halal, No Added Colors, Product of Thailand	en:halal,en:no-added-colors,en:product-of-thailand					Lisarow,NSW,Australia	Coles	Australia, France, United States	Coconut Water (90%), Water, Sugar, Acidity Regulator (Malic Acid)   			Sulphites	en:sulphur-dioxide-and-sulphites	350ml	350		1	en:e296	0			0			d	3	Beverages	Sweetened beverages	en:to-be-checked, en:complete, en:nutrition-facts-completed, en:ingredients-completed, en:expiration-date-completed, en:packaging-code-to-be-completed, en:characteristics-completed, en:categories-completed, en:brands-completed, en:packaging-completed, en:quantity-completed, en:product-name-completed, en:photos-validated, en:photos-uploaded	en:coconut-waters	https://static.openfoodfacts.org/images/products/885/036/799/1723/front_en.6.400.jpg	https://static.openfoodfacts.org/images/products/885/036/799/1723/front_en.6.200.jpg	https://static.openfoodfacts.org/images/products/885/036/799/1723/front_en.6.400.jpg	https://static.openfoodfacts.org/images/products/885/036/799/1723/front_en.6.200.jpg	https://static.openfoodfacts.org/images/products/885/036/799/1723/ingredients_en.7.400.jpg	https://static.openfoodfacts.org/images/products/885/036/799/1723/ingredients_en.7.200.jpg	https://static.openfoodfacts.org/images/products/885/036/799/1723/nutrition_en.8.400.jpg	https://static.openfoodfacts.org/images/products/885/036/799/1723/nutrition_en.8.200.jpg	84		0	0																																		0	4.8	3.3									0	0.1				0.06975	0.0274606299212598		0					0												0.144		0.011		0																					6	0							
9315596002743	https://world.openfoodfacts.org/product/9315596002743	clockwerx	1520591894	1523185073	Sunkist		375ml	Can	can	Sunkist	sunkist	Beverages, Carbonated drinks, Sodas, Sweetened beverages	en:beverages,en:carbonated-drinks,en:sodas,en:sweetened-beverages,en:non-alcoholic-beverages													Australia							0												Beverages	Sweetened beverages	en:to-be-completed, en:nutrition-facts-to-be-completed, en:ingredients-to-be-completed, en:expiration-date-to-be-completed, en:packaging-code-to-be-completed, en:characteristics-completed, en:categories-completed, en:brands-completed, en:packaging-completed, en:quantity-completed, en:product-name-completed, en:photos-to-be-validated, en:photos-uploaded	en:sodas	https://static.openfoodfacts.org/images/products/931/559/600/2743/front_en.7.400.jpg	https://static.openfoodfacts.org/images/products/931/559/600/2743/front_en.7.200.jpg	https://static.openfoodfacts.org/images/products/931/559/600/2743/front_en.7.400.jpg	https://static.openfoodfacts.org/images/products/931/559/600/2743/front_en.7.200.jpg																																																																																																															
9310199080839	https://world.openfoodfacts.org/product/9310199080839	maxious	1498360036	1518239746	Dare iced coffee Espresso	Iced coffee	750 ml	Plastic Bottle	plastic-bottle	Dare	dare	Beverages, Coffee drinks, Iced coffees, Sweetened beverages	en:beverages,en:coffee-drinks,en:iced-coffees,en:sweetened-beverages,en:non-alcoholic-beverages											Canberra,Australia	Coles	Australia	Fresh _milk_, sugar, coffee powder (0.38%), Color 150C	milk	en:milk	Milk	en:milk	500 ml	500		0		0			0			e	3	Beverages	Sweetened beverages	en:to-be-checked, en:complete, en:nutrition-facts-completed, en:ingredients-completed, en:expiration-date-completed, en:packaging-code-to-be-completed, en:characteristics-completed, en:categories-completed, en:brands-completed, en:packaging-completed, en:quantity-completed, en:product-name-completed, en:photos-validated, en:photos-uploaded	en:iced-coffees	https://static.openfoodfacts.org/images/products/931/019/908/0839/front_en.4.400.jpg	https://static.openfoodfacts.org/images/products/931/019/908/0839/front_en.4.200.jpg	https://static.openfoodfacts.org/images/products/931/019/908/0839/front_en.4.400.jpg	https://static.openfoodfacts.org/images/products/931/019/908/0839/front_en.4.200.jpg	https://static.openfoodfacts.org/images/products/931/019/908/0839/ingredients_en.7.400.jpg	https://static.openfoodfacts.org/images/products/931/019/908/0839/ingredients_en.7.200.jpg	https://static.openfoodfacts.org/images/products/931/019/908/0839/nutrition_en.8.400.jpg	https://static.openfoodfacts.org/images/products/931/019/908/0839/nutrition_en.8.200.jpg	347		3.7	2.4																																			9	8.7										3.4				0.10922	0.043																					0.123												0.016											18	2							
9300605003811	https://world.openfoodfacts.org/product/9300605003811	foodorigins	1441073319	1517859693	Milo		750g	Tinned	tinned	Nestlé,Milo	nestle,milo	Beverages, Energy drinks, Sweetened beverages, Malt	en:beverages,en:energy-drinks,en:sweetened-beverages,en:malt,en:non-alcoholic-beverages	Australia	australia	Australia	australia	Sustainable farming, UTZ Certified, UTZ Certified Cacao  	en:sustainable-farming,en:utz-certified,en:utz-certified-cacao					NSW,Australia	Coles,Bilo,Woolworths	Australia, France	EXTRACT OF MALT _BARLEY_ (16%) OR MALT BARLEY AND RICE (TOTAL EXTRACT 35%), _MILK_ SOLIDS, SUGAR, COCOA, MINERALS (CALCIUM, IRON), MALTODEXTRIN (CORN) VITAMINS (C, B3, A, B6, D, B2, B12), EMULSIFIER (_SOY_ LECITHIN) 	BARLEY, MILK, SOY, BARLEY, BARLEY, MILK, SOY	en:gluten,en:milk,en:soybeans				0		1	en:e322,en:e322i	0			0			e	4	Beverages	Sweetened beverages	en:to-be-checked, en:complete, en:nutrition-facts-completed, en:ingredients-completed, en:expiration-date-to-be-completed, en:packaging-code-to-be-completed, en:characteristics-completed, en:categories-completed, en:brands-completed, en:packaging-completed, en:quantity-completed, en:product-name-completed, en:photos-validated, en:photos-uploaded	en:energy-drinks	https://static.openfoodfacts.org/images/products/930/060/500/3811/front_en.13.400.jpg	https://static.openfoodfacts.org/images/products/930/060/500/3811/front_en.13.200.jpg	https://static.openfoodfacts.org/images/products/930/060/500/3811/front_en.13.400.jpg	https://static.openfoodfacts.org/images/products/930/060/500/3811/front_en.13.200.jpg	https://static.openfoodfacts.org/images/products/930/060/500/3811/ingredients_en.15.400.jpg	https://static.openfoodfacts.org/images/products/930/060/500/3811/ingredients_en.15.200.jpg	https://static.openfoodfacts.org/images/products/930/060/500/3811/nutrition_en.16.400.jpg	https://static.openfoodfacts.org/images/products/930/060/500/3811/nutrition_en.16.200.jpg	289		1	0.6																																			10.4	8.8										4.5				0.2	0.078740157480315																																												16	-1							
9310036041276	https://world.openfoodfacts.org/product/9310036041276	foodorigins	1444797404	1517741996	Extra Shot Real Coffee Ice Cold		500ml	Plastic Bottle	plastic-bottle	Ice Break,Parmalat	ice-break,parmalat	Beverages, Coffee drinks, Iced coffees, Sweetened beverages	en:beverages,en:coffee-drinks,en:iced-coffees,en:sweetened-beverages,en:non-alcoholic-beverages	Australia	australia	Australia	australia							NSW,Australia	Coles,Bilo,Woolworths	Australia	REDUCED FAT MILK (45 (1.6% _MILK_ FAT), SUGAR, COFFEE(1%)	MILK, MILK, MILK	en:milk				0		0		0			0				3	Beverages	Sweetened beverages	en:to-be-completed, en:nutrition-facts-to-be-completed, en:ingredients-completed, en:expiration-date-to-be-completed, en:packaging-code-to-be-completed, en:characteristics-completed, en:categories-completed, en:brands-completed, en:packaging-completed, en:quantity-completed, en:product-name-completed, en:photos-validated, en:photos-uploaded	en:iced-coffees	https://static.openfoodfacts.org/images/products/931/003/604/1276/front_en.7.400.jpg	https://static.openfoodfacts.org/images/products/931/003/604/1276/front_en.7.200.jpg	https://static.openfoodfacts.org/images/products/931/003/604/1276/front_en.7.400.jpg	https://static.openfoodfacts.org/images/products/931/003/604/1276/front_en.7.200.jpg	https://static.openfoodfacts.org/images/products/931/003/604/1276/ingredients_en.8.400.jpg	https://static.openfoodfacts.org/images/products/931/003/604/1276/ingredients_en.8.200.jpg	https://static.openfoodfacts.org/images/products/931/003/604/1276/nutrition_en.9.400.jpg	https://static.openfoodfacts.org/images/products/931/003/604/1276/nutrition_en.9.200.jpg																																																																																																											
9415767677203	https://world.openfoodfacts.org/product/9415767677203	clockwerx	1467260185	1517727908	V	Energy drink	500 ml	Can	can	V	v	Beverages, Carbonated drinks, Sodas, Energy drinks, Sweetened beverages	en:beverages,en:carbonated-drinks,en:sodas,en:energy-drinks,en:sweetened-beverages,en:non-alcoholic-beverages											Rosewater,South Australia,Australia		Australia	CARBONATED WATER, SUGAR, ACIDTY REGULATORS (CITRIC ACID, SODIUM CITRATE), TAURINE, _GUARANA EXTRACT_ (0.12%), COLOUR (_CARAMEL_), GLUCURONOLACTONE, CAFFEINE, INOSITOL, VITAMINS [NIACIN (B3)]. PANTOTHENIC ACID, B6, RIBOFLAVIN (B2), _B12_], _FLAVOURS_. CONTAINS _WHEAT DERIVATIVES_	GUARANA EXTRACT, CARAMEL, B12, FLAVOURS, WHEAT DERIVATIVES, WHEAT	en:gluten,en:b12,en:caramel,en:flavours,en:guarana-extract,en:wheat-derivatives				0		3	en:e150,en:e330,en:e331	0			0			e	4	Beverages	Sweetened beverages	en:to-be-checked, en:complete, en:nutrition-facts-completed, en:ingredients-completed, en:expiration-date-to-be-completed, en:packaging-code-to-be-completed, en:characteristics-completed, en:categories-completed, en:brands-completed, en:packaging-completed, en:quantity-completed, en:product-name-completed, en:photos-validated, en:photos-uploaded	en:energy-drinks	https://static.openfoodfacts.org/images/products/941/576/767/7203/front_en.7.400.jpg	https://static.openfoodfacts.org/images/products/941/576/767/7203/front_en.7.200.jpg	https://static.openfoodfacts.org/images/products/941/576/767/7203/front_en.7.400.jpg	https://static.openfoodfacts.org/images/products/941/576/767/7203/front_en.7.200.jpg	https://static.openfoodfacts.org/images/products/941/576/767/7203/ingredients_en.10.400.jpg	https://static.openfoodfacts.org/images/products/941/576/767/7203/ingredients_en.10.200.jpg	https://static.openfoodfacts.org/images/products/941/576/767/7203/nutrition_en.11.400.jpg	https://static.openfoodfacts.org/images/products/941/576/767/7203/nutrition_en.11.200.jpg	195		0	0																																			10.6	10.6										1				0.2794	0.11									0.00049	0.0029	0.00046			5.7e-07		0.0007																	0.031	0.2										16	3							
9300664020224	https://world.openfoodfacts.org/product/9300664020224	clockwerx	1515904252	1517028028	PURA Classic Smooth & Creamy Mocha	Mocha	600 ml	Box	box	Pura	pura	Beverages, Dairies, Dairy drinks, Flavoured milks, Chocolate milks, Coffee drinks, Iced coffees, Sweetened beverages	en:beverages,en:dairies,en:dairy-drinks,en:chocolate-milks,en:coffee-drinks,en:flavoured-milks,en:iced-coffees,en:sweetened-beverages,en:non-alcoholic-beverages													Australia	FRESH REDUCED FAT MILK, SUGAR, MILK SOLIDS, COFFEE POWDER (0.5%), COCOA POWDER (.2%), FLAVOURS, SALT,VEGETABLE GUM (407), COLOURS (150d, 155, 133). 	MILK, MILK	en:milk			600 ml	600		3	en:e133,en:e150d,en:e155	0			0			b	4	Beverages	Sweetened beverages	en:to-be-checked, en:complete, en:nutrition-facts-completed, en:ingredients-completed, en:expiration-date-to-be-completed, en:packaging-code-to-be-completed, en:characteristics-completed, en:categories-completed, en:brands-completed, en:packaging-completed, en:quantity-completed, en:product-name-completed, en:photos-validated, en:photos-uploaded	en:iced-coffees	https://static.openfoodfacts.org/images/products/930/066/402/0224/front_en.3.400.jpg	https://static.openfoodfacts.org/images/products/930/066/402/0224/front_en.3.200.jpg	https://static.openfoodfacts.org/images/products/930/066/402/0224/front_en.3.400.jpg	https://static.openfoodfacts.org/images/products/930/066/402/0224/front_en.3.200.jpg	https://static.openfoodfacts.org/images/products/930/066/402/0224/ingredients_en.8.400.jpg	https://static.openfoodfacts.org/images/products/930/066/402/0224/ingredients_en.8.200.jpg	https://static.openfoodfacts.org/images/products/930/066/402/0224/nutrition_en.10.400.jpg	https://static.openfoodfacts.org/images/products/930/066/402/0224/nutrition_en.10.200.jpg	322		2.5	1.6																																			10.1	9.9										3.3				0.13208	0.052																					0.115												0.02											1	1							
9300624010524	https://world.openfoodfacts.org/product/9300624010524	openfoodfacts-contributors	1420448679	1515027389	Pasito 10 pack			Box	box	Kirks	kirks	Beverages, Carbonated drinks, Sodas, Sweetened beverages	en:beverages,en:carbonated-drinks,en:sodas,en:sweetened-beverages,en:non-alcoholic-beverages													Australia							0												Beverages	Sweetened beverages	en:to-be-completed, en:nutrition-facts-to-be-completed, en:ingredients-to-be-completed, en:expiration-date-to-be-completed, en:packaging-code-to-be-completed, en:characteristics-to-be-completed, en:categories-completed, en:brands-completed, en:packaging-completed, en:quantity-to-be-completed, en:product-name-completed, en:photos-to-be-validated, en:photos-uploaded	en:sodas	https://static.openfoodfacts.org/images/products/930/062/401/0524/front_en.5.400.jpg	https://static.openfoodfacts.org/images/products/930/062/401/0524/front_en.5.200.jpg	https://static.openfoodfacts.org/images/products/930/062/401/0524/front_en.5.400.jpg	https://static.openfoodfacts.org/images/products/930/062/401/0524/front_en.5.200.jpg																																																																																																															
9300601292936	https://world.openfoodfacts.org/product/9300601292936	clockwerx	1515021113	1515021392	Soda Water	Soda water	1.25L	Plastic,Bottle	plastic,bottle	Coles	coles	Beverages, Carbonated drinks, Sodas, Sweetened beverages	en:beverages,en:carbonated-drinks,en:sodas,en:sweetened-beverages,en:non-alcoholic-beverages					Vegetarian, Vegan	en:vegetarian,en:vegan						Coles	Australia	Carbonated Australian Water					250ml	250		0		0			0			b	3	Beverages	Sweetened beverages	en:to-be-checked, en:complete, en:nutrition-facts-completed, en:ingredients-completed, en:expiration-date-to-be-completed, en:packaging-code-to-be-completed, en:characteristics-completed, en:categories-completed, en:brands-completed, en:packaging-completed, en:quantity-completed, en:product-name-completed, en:photos-validated, en:photos-uploaded	en:sodas	https://static.openfoodfacts.org/images/products/930/060/129/2936/front_en.6.400.jpg	https://static.openfoodfacts.org/images/products/930/060/129/2936/front_en.6.200.jpg	https://static.openfoodfacts.org/images/products/930/060/129/2936/front_en.6.400.jpg	https://static.openfoodfacts.org/images/products/930/060/129/2936/front_en.6.200.jpg	https://static.openfoodfacts.org/images/products/930/060/129/2936/ingredients_en.7.400.jpg	https://static.openfoodfacts.org/images/products/930/060/129/2936/ingredients_en.7.200.jpg	https://static.openfoodfacts.org/images/products/930/060/129/2936/nutrition_en.8.400.jpg	https://static.openfoodfacts.org/images/products/930/060/129/2936/nutrition_en.8.200.jpg	0		0	0																																			0	0									0	0				0.01016	0.004																																												0	0							
9300624031482	https://world.openfoodfacts.org/product/9300624031482	clockwerx	1493455363	1514807088	Barista Bros Iced Mochacchino		500 ml	Plastic,Bottle	plastic,bottle	Barista Bros	barista-bros	Beverages, Coffee drinks, Iced coffees, Sweetened beverages	en:beverages,en:coffee-drinks,en:iced-coffees,en:sweetened-beverages,en:non-alcoholic-beverages											Adelaide,South Australia,Australia		Australia	MILK (FROM MILK SOLIDS) 80%, WATER, SUGAR, COFFEE POWDER (0.5%), COCOA POWDER(0.5%), STABILISERS (460,407,471,466), FLAVOUR,FOOD ACID (339), SWEETENER(960) CONTAINS MILK PRODUCTS, CONTAINS CAFFEINE NOT SUITABLE AS A COMPLETE MILK FOOD 		en:milk			500 ml	500		5	en:e339,en:e407,en:e460,en:e466,en:e471	0			0			e	4	Beverages	Sweetened beverages	en:to-be-checked, en:complete, en:nutrition-facts-completed, en:ingredients-completed, en:expiration-date-to-be-completed, en:packaging-code-to-be-completed, en:characteristics-completed, en:categories-completed, en:brands-completed, en:packaging-completed, en:quantity-completed, en:product-name-completed, en:photos-validated, en:photos-uploaded	en:iced-coffees	https://static.openfoodfacts.org/images/products/930/062/403/1482/front_en.7.400.jpg	https://static.openfoodfacts.org/images/products/930/062/403/1482/front_en.7.200.jpg	https://static.openfoodfacts.org/images/products/930/062/403/1482/front_en.7.400.jpg	https://static.openfoodfacts.org/images/products/930/062/403/1482/front_en.7.200.jpg	https://static.openfoodfacts.org/images/products/930/062/403/1482/ingredients_en.12.400.jpg	https://static.openfoodfacts.org/images/products/930/062/403/1482/ingredients_en.12.200.jpg	https://static.openfoodfacts.org/images/products/930/062/403/1482/nutrition_en.14.400.jpg	https://static.openfoodfacts.org/images/products/930/062/403/1482/nutrition_en.14.200.jpg	234		1.4	0.9																																			7.2	7.2										2.7				0.18796	0.074																					0.08												0.019											13	0							
9310036074427	https://world.openfoodfacts.org/product/9310036074427	clockwerx	1483851635	1511346689	Ice Break Refuel High Protein	Pasteurised reduced fat milk with coffee	500 ml	Plastic,Bottle	plastic,bottle	Ice Break	ice-break	Beverages, Dairies, Dairy drinks, Coffee drinks, Coffee milks, Iced coffees, Sweetened beverages, Unsweetened beverages	en:beverages,en:dairies,en:dairy-drinks,en:coffee-drinks,en:coffee-milks,en:iced-coffees,en:sweetened-beverages,en:non-alcoholic-beverages			Australia	australia	No colorings, No flavors, No preservatives	en:no-colorings,en:no-flavors,en:no-preservatives					South Australia,Australia		Australia	Reduced fat _milk_, sugar, coffee (1 %), milk solids.	milk	en:milk			500 ml	500		0		0			0			b	3	Beverages	Sweetened beverages	en:to-be-checked, en:complete, en:nutrition-facts-completed, en:ingredients-completed, en:expiration-date-completed, en:packaging-code-to-be-completed, en:characteristics-completed, en:categories-completed, en:brands-completed, en:packaging-completed, en:quantity-completed, en:product-name-completed, en:photos-validated, en:photos-uploaded	en:iced-coffees	https://static.openfoodfacts.org/images/products/931/003/607/4427/front_en.6.400.jpg	https://static.openfoodfacts.org/images/products/931/003/607/4427/front_en.6.200.jpg	https://static.openfoodfacts.org/images/products/931/003/607/4427/front_en.6.400.jpg	https://static.openfoodfacts.org/images/products/931/003/607/4427/front_en.6.200.jpg	https://static.openfoodfacts.org/images/products/931/003/607/4427/ingredients_en.11.400.jpg	https://static.openfoodfacts.org/images/products/931/003/607/4427/ingredients_en.11.200.jpg	https://static.openfoodfacts.org/images/products/931/003/607/4427/nutrition_en.13.400.jpg	https://static.openfoodfacts.org/images/products/931/003/607/4427/nutrition_en.13.200.jpg	304		1.5	1																																			10.2	9.4										4.5				0.104	0.041																					0.143												0.044											0	0							
9342584072280	https://world.openfoodfacts.org/product/9342584072280	rjhunter	1448425005	1510740412	Iced Coffee	iced coffee flavoured milk	600 mL	carton	carton	OAK	oak	Beverages, Dairies, Dairy drinks, Coffee drinks, Coffee milks, Sweetened beverages	en:beverages,en:dairies,en:dairy-drinks,en:coffee-drinks,en:coffee-milks,en:sweetened-beverages,en:non-alcoholic-beverages	Australia	australia	Australia	australia							Melbourne,Victoria,Australia		Australia	_milk_, skim _milk_, sugar, coffee 0.5%, flavours, colour (150d), stabiliser (407)	milk, milk	en:milk			300 mL	300		2	en:e150d,en:e407	0			0			b	4	Beverages	Sweetened beverages	en:to-be-checked, en:complete, en:nutrition-facts-completed, en:ingredients-completed, en:expiration-date-to-be-completed, en:packaging-code-to-be-completed, en:characteristics-completed, en:categories-completed, en:brands-completed, en:packaging-completed, en:quantity-completed, en:product-name-completed, en:photos-validated, en:photos-uploaded	en:coffee-milks	https://static.openfoodfacts.org/images/products/934/258/407/2280/front_en.3.400.jpg	https://static.openfoodfacts.org/images/products/934/258/407/2280/front_en.3.200.jpg	https://static.openfoodfacts.org/images/products/934/258/407/2280/front_en.3.400.jpg	https://static.openfoodfacts.org/images/products/934/258/407/2280/front_en.3.200.jpg	https://static.openfoodfacts.org/images/products/934/258/407/2280/ingredients_en.8.400.jpg	https://static.openfoodfacts.org/images/products/934/258/407/2280/ingredients_en.8.200.jpg	https://static.openfoodfacts.org/images/products/934/258/407/2280/nutrition_en.10.400.jpg	https://static.openfoodfacts.org/images/products/934/258/407/2280/nutrition_en.10.200.jpg	354		3.6	2.3																																			9.3	9										3.6				0.10414	0.041																					0.119																							2	2							
9331200430535	https://world.openfoodfacts.org/product/9331200430535	foodorigins	1452858182	1510468130	Cranberry Classic		1.5L	Plastic Bottle	plastic-bottle	Ocean Spray	ocean-spray	Beverages, Sweetened beverages, Cranberry Drink	en:beverages,en:sweetened-beverages,en:cranberry-drink,en:non-alcoholic-beverages	United States	united-states	United States	united-states							NSW,Australia	Coles,Bilo,Woolworths	Australia, France	WATER, RECONSTITUTED CRANBERRY JUICE (27%), SUGAR, VEGETABLE AND FRUIT CONCENTRATE (CARROT, CRANBERRY), VITAMIN C.						0		0		0			0			e	3	Beverages	Sweetened beverages	en:to-be-checked, en:complete, en:nutrition-facts-completed, en:ingredients-completed, en:expiration-date-to-be-completed, en:packaging-code-to-be-completed, en:characteristics-completed, en:categories-completed, en:brands-completed, en:packaging-completed, en:quantity-completed, en:product-name-completed, en:photos-validated, en:photos-uploaded	en:sweetened-beverages	https://static.openfoodfacts.org/images/products/933/120/043/0535/front_en.7.400.jpg	https://static.openfoodfacts.org/images/products/933/120/043/0535/front_en.7.200.jpg	https://static.openfoodfacts.org/images/products/933/120/043/0535/front_en.7.400.jpg	https://static.openfoodfacts.org/images/products/933/120/043/0535/front_en.7.200.jpg	https://static.openfoodfacts.org/images/products/933/120/043/0535/ingredients_en.8.400.jpg	https://static.openfoodfacts.org/images/products/933/120/043/0535/ingredients_en.8.200.jpg	https://static.openfoodfacts.org/images/products/933/120/043/0535/nutrition_en.9.400.jpg	https://static.openfoodfacts.org/images/products/933/120/043/0535/nutrition_en.9.200.jpg	192		0	0																																			11.7	11.3										0				0	0																																												15	2							
9310199080815	https://world.openfoodfacts.org/product/9310199080815	rjhunter	1437279726	1510225894	Dare Double Espresso	Pasteurised iced coffee flavoured milk	750 mL	bottle,plastic,frais	bottle,plastic,frais	Dare iced coffee,Dare	dare-iced-coffee,dare	Beverages, Dairies, Dairy drinks, Coffee drinks, Coffee milks, Sweetened beverages	en:beverages,en:dairies,en:dairy-drinks,en:coffee-drinks,en:coffee-milks,en:sweetened-beverages,en:non-alcoholic-beverages											Melbourne,Australia		Australia	_milk_, sugar, coffee powder 0.76% (robusta, arabica), flavours, colour (150c).	milk	en:milk			500 mL	500		1	en:e150c	0			0			c	4	Beverages	Sweetened beverages	en:to-be-checked, en:complete, en:nutrition-facts-completed, en:ingredients-completed, en:expiration-date-to-be-completed, en:packaging-code-to-be-completed, en:characteristics-completed, en:categories-completed, en:brands-completed, en:packaging-completed, en:quantity-completed, en:product-name-completed, en:photos-validated, en:photos-uploaded	en:coffee-milks	https://static.openfoodfacts.org/images/products/931/019/908/0815/front_en.3.400.jpg	https://static.openfoodfacts.org/images/products/931/019/908/0815/front_en.3.200.jpg	https://static.openfoodfacts.org/images/products/931/019/908/0815/front_en.3.400.jpg	https://static.openfoodfacts.org/images/products/931/019/908/0815/front_en.3.200.jpg	https://static.openfoodfacts.org/images/products/931/019/908/0815/ingredients_en.8.400.jpg	https://static.openfoodfacts.org/images/products/931/019/908/0815/ingredients_en.8.200.jpg	https://static.openfoodfacts.org/images/products/931/019/908/0815/nutrition_en.9.400.jpg	https://static.openfoodfacts.org/images/products/931/019/908/0815/nutrition_en.9.200.jpg	369		3.7	2.5																																			10.1	9.3										3.4				0.10922	0.043																					0.122												0.032											3	3							
5010102100015	https://world.openfoodfacts.org/product/5010102100015	foodorigins	1424577850	1508973597	Dr Pepper UK Version		330 ml	Canned	canned	Dr Pepper,Coca Cola	dr-pepper,coca-cola	Beverages, Artificially sweetened beverages, Dr Pepper Soft Drink	en:beverages,en:artificially-sweetened-beverages,en:dr-pepper-soft-drink,en:non-alcoholic-beverages,en:sweetened-beverages	United Kingdom	united-kingdom	United Kingdom	united-kingdom	Made in GB	en:made-in-gb					NSW,Australia	Bilo,Coles	Australia, France, United Kingdom	Carbonated water, sugar, colour (caramel E150d), phosphoric acid, preservative (potassium sorbate), flavourings including caffeine, sweeteners (aspartame, acesulfame K). Contains a source of phenylalanine. Caffeine						0		5	en:e150d,en:e202,en:e338,en:e950,en:e951	0			0			e	4	Beverages	Artificially sweetened beverages	en:to-be-completed, en:nutrition-facts-completed, en:ingredients-completed, en:expiration-date-to-be-completed, en:packaging-code-to-be-completed, en:characteristics-completed, en:categories-completed, en:brands-completed, en:packaging-completed, en:quantity-completed, en:product-name-completed, en:photos-to-be-validated, en:photos-uploaded	en:artificially-sweetened-beverages	https://static.openfoodfacts.org/images/products/501/010/210/0015/front_en.4.400.jpg	https://static.openfoodfacts.org/images/products/501/010/210/0015/front_en.4.200.jpg	https://static.openfoodfacts.org/images/products/501/010/210/0015/front_en.4.400.jpg	https://static.openfoodfacts.org/images/products/501/010/210/0015/front_en.4.200.jpg			https://static.openfoodfacts.org/images/products/501/010/210/0015/nutrition_en.10.400.jpg	https://static.openfoodfacts.org/images/products/501/010/210/0015/nutrition_en.10.200.jpg	121		0	0																																			7.2	7.2									0	0				0	0																																												10	1							
9300675033848	https://world.openfoodfacts.org/product/9300675033848	foodorigins	1496382612	1502890264	Coke Zero		330 ml	Can,Aluminium	can,aluminium	Coca-Cola	coca-cola	Beverages, Artificially sweetened beverages, Carbonated drinks, Diet beverages, Sodas, Diet sodas, Colas, Diet cola soft drink, Sweetened beverages, Unsweetened beverages	en:beverages,en:artificially-sweetened-beverages,en:carbonated-drinks,en:diet-beverages,en:sodas,en:diet-sodas,en:colas,en:diet-cola-soft-drink,en:sweetened-beverages,en:non-alcoholic-beverages													Australia	Carbonated Purified Water, Colour (Caramel E150d), Food Acids (E338, E331), Flavour, Sweeteners (E951, E950), Preservative (E211), Caffeine.					330ml	330		6	en:e150d,en:e211,en:e331,en:e338,en:e950,en:e951	0			0			b	4	Beverages	Artificially sweetened beverages	en:to-be-checked, en:complete, en:nutrition-facts-completed, en:ingredients-completed, en:expiration-date-to-be-completed, en:packaging-code-to-be-completed, en:characteristics-completed, en:categories-completed, en:brands-completed, en:packaging-completed, en:quantity-completed, en:product-name-completed, en:photos-validated, en:photos-uploaded	en:diet-cola-soft-drink	https://static.openfoodfacts.org/images/products/930/067/503/3848/front_en.7.400.jpg	https://static.openfoodfacts.org/images/products/930/067/503/3848/front_en.7.200.jpg	https://static.openfoodfacts.org/images/products/930/067/503/3848/front_en.7.400.jpg	https://static.openfoodfacts.org/images/products/930/067/503/3848/front_en.7.200.jpg	https://static.openfoodfacts.org/images/products/930/067/503/3848/ingredients_en.9.400.jpg	https://static.openfoodfacts.org/images/products/930/067/503/3848/ingredients_en.9.200.jpg	https://static.openfoodfacts.org/images/products/930/067/503/3848/nutrition_en.10.400.jpg	https://static.openfoodfacts.org/images/products/930/067/503/3848/nutrition_en.10.200.jpg	1.4		0	0																																			0.1	0									0	0.05				0.02794	0.011																																												1	0							
9315596000435	https://world.openfoodfacts.org/product/9315596000435	foodorigins	1451612988	1498360793	Lemon Lime & Bitters		300ml	Glass Bottle	glass-bottle	Schweppes	schweppes	Beverages, Carbonated drinks, Sodas, Sweetened beverages	en:beverages,en:carbonated-drinks,en:sodas,en:sweetened-beverages,en:non-alcoholic-beverages	Australia,Imported Unknown	australia,imported-unknown	Australia	australia							NSW,Australia		Australia	Carbonated water, sugar, Fruit juices (lemon 2.5%, lime 2.5%) Aromatic bitters (0.2%), preservative 211, natural colours (161b, 163)					300 ml	300		2	en:e161b,en:e163	0			0				4	Beverages	Sweetened beverages	en:to-be-checked, en:complete, en:nutrition-facts-completed, en:ingredients-completed, en:expiration-date-to-be-completed, en:packaging-code-to-be-completed, en:characteristics-completed, en:categories-completed, en:brands-completed, en:packaging-completed, en:quantity-completed, en:product-name-completed, en:photos-validated, en:photos-uploaded	en:sodas	https://static.openfoodfacts.org/images/products/931/559/600/0435/front_en.6.400.jpg	https://static.openfoodfacts.org/images/products/931/559/600/0435/front_en.6.200.jpg	https://static.openfoodfacts.org/images/products/931/559/600/0435/front_en.6.400.jpg	https://static.openfoodfacts.org/images/products/931/559/600/0435/front_en.6.200.jpg	https://static.openfoodfacts.org/images/products/931/559/600/0435/ingredients_en.7.400.jpg	https://static.openfoodfacts.org/images/products/931/559/600/0435/ingredients_en.7.200.jpg	https://static.openfoodfacts.org/images/products/931/559/600/0435/nutrition_en.8.400.jpg	https://static.openfoodfacts.org/images/products/931/559/600/0435/nutrition_en.8.200.jpg	176		0																																				10.2	10.1														0.0381	0.015																																																				
9300624407621	https://world.openfoodfacts.org/product/9300624407621	foodorigins	1446775576	1489980399	Deep Spring Orange & Passionfruit		1.25L	Plastic Bottle	plastic-bottle	Deep Spring,Coca-Cola Amatil	deep-spring,coca-cola-amatil	Beverages, Waters, Spring waters, Mineral waters, Sweetened beverages, Unsweetened beverages	en:beverages,en:waters,en:spring-waters,en:mineral-waters,en:sweetened-beverages,en:non-alcoholic-beverages	Australia	australia	Australia	australia							NSW,Australia	Coles,Bilo	Australia	Carbonated water (mineral water 80%, purified water 11%), sugar, organic juice from concentrate (orange 5.0%, passionfruit 0.1%), food acid (330), natural flavour, natural colours (161b, 120), preservative (211).					250 ml	250		4	en:e120,en:e161b,en:e211,en:e330	0			0			a	4	Beverages	Sweetened beverages	en:to-be-checked, en:complete, en:nutrition-facts-completed, en:ingredients-completed, en:expiration-date-completed, en:packaging-code-to-be-completed, en:characteristics-completed, en:categories-completed, en:brands-completed, en:packaging-completed, en:quantity-completed, en:product-name-completed, en:photos-validated, en:photos-uploaded	en:mineral-waters	https://static.openfoodfacts.org/images/products/930/062/440/7621/front_en.16.400.jpg	https://static.openfoodfacts.org/images/products/930/062/440/7621/front_en.16.200.jpg	https://static.openfoodfacts.org/images/products/930/062/440/7621/front_en.16.400.jpg	https://static.openfoodfacts.org/images/products/930/062/440/7621/front_en.16.200.jpg	https://static.openfoodfacts.org/images/products/930/062/440/7621/ingredients_en.15.400.jpg	https://static.openfoodfacts.org/images/products/930/062/440/7621/ingredients_en.15.200.jpg	https://static.openfoodfacts.org/images/products/930/062/440/7621/nutrition_en.14.400.jpg	https://static.openfoodfacts.org/images/products/930/062/440/7621/nutrition_en.14.200.jpg	38.4		0.4	0																																			2	2.16										0.4				0.00965	0.0038																																												4	0							
9300675001113	https://world.openfoodfacts.org/product/9300675001113	maxious	1422177501	1489514055	Coca Cola		1.25 L	Plastic Bottle	plastic-bottle	Coca Cola	coca-cola	Beverages, Carbonated drinks, Sodas, Sweetened beverages	en:beverages,en:carbonated-drinks,en:sodas,en:sweetened-beverages,en:non-alcoholic-beverages	Australia,Imported Unknown	australia,imported-unknown	Australia	australia									Australia	Carbonated Purified Water, Cane Sugar, Color (Caramel 150d), Food Acid 9338), Flavour, Caffeine.			Caffeine	en:caffeine	250 ml	250		1	en:e150d	0			0			e	4	Beverages	Sweetened beverages	en:to-be-completed, en:nutrition-facts-completed, en:ingredients-completed, en:expiration-date-to-be-completed, en:packaging-code-to-be-completed, en:characteristics-completed, en:categories-completed, en:brands-completed, en:packaging-completed, en:quantity-completed, en:product-name-completed, en:photos-to-be-validated, en:photos-uploaded	en:sodas	https://static.openfoodfacts.org/images/products/930/067/500/1113/front_en.9.400.jpg	https://static.openfoodfacts.org/images/products/930/067/500/1113/front_en.9.200.jpg	https://static.openfoodfacts.org/images/products/930/067/500/1113/front_en.9.400.jpg	https://static.openfoodfacts.org/images/products/930/067/500/1113/front_en.9.200.jpg			https://static.openfoodfacts.org/images/products/930/067/500/1113/nutrition_en.10.400.jpg	https://static.openfoodfacts.org/images/products/930/067/500/1113/nutrition_en.10.200.jpg	180		0	0																																			10.6	10.6										0				0.0254	0.01																																												14	2							
0025616102504	https://world.openfoodfacts.org/product/0025616102504	foodorigins	1425721322	1489143106	Mr Brown Iced Coffee		240ml	Canned	canned	Mr Brown, King Car Food Industrial Co.	mr-brown,king-car-food-industrial-co	Beverages, Coffee drinks, Sweetened beverages	en:beverages,en:coffee-drinks,en:sweetened-beverages,en:non-alcoholic-beverages	Taiwan,Imported Unknown	taiwan,imported-unknown	Taiwan	taiwan							Sydney,NSW,Australia	Asian Supermarkets	Australia, United States	Water, Coffee Extract, Sugar, Milk Powder, Emulsifier (E473. E322).					240ml	240		2	en:e322,en:e473	0			0			e	4	Beverages	Sweetened beverages	en:to-be-checked, en:complete, en:nutrition-facts-completed, en:ingredients-completed, en:expiration-date-completed, en:packaging-code-to-be-completed, en:characteristics-completed, en:categories-completed, en:brands-completed, en:packaging-completed, en:quantity-completed, en:product-name-completed, en:photos-validated, en:photos-uploaded	en:coffee-drinks	https://static.openfoodfacts.org/images/products/002/561/610/2504/front_en.10.400.jpg	https://static.openfoodfacts.org/images/products/002/561/610/2504/front_en.10.200.jpg	https://static.openfoodfacts.org/images/products/002/561/610/2504/front_en.10.400.jpg	https://static.openfoodfacts.org/images/products/002/561/610/2504/front_en.10.200.jpg	https://static.openfoodfacts.org/images/products/002/561/610/2504/ingredients_en.11.400.jpg	https://static.openfoodfacts.org/images/products/002/561/610/2504/ingredients_en.11.200.jpg	https://static.openfoodfacts.org/images/products/002/561/610/2504/nutrition_en.12.400.jpg	https://static.openfoodfacts.org/images/products/002/561/610/2504/nutrition_en.12.200.jpg	180		0.583	0.458																																	0.0417	0.00167	8.21	7.71										1.29				0.102	0.04																																												12	1							
0025616202501	https://world.openfoodfacts.org/product/0025616202501	foodorigins	1429068694	1489143052	Mr Brown Iced Coffee Blue Mountain Blend		240ml	Canned	canned	Mr Brown, King Car Food Industrial Co.	mr-brown,king-car-food-industrial-co	Plant-based foods and beverages, Beverages, Plant-based foods, Coffees, Coffee drinks, Sweetened beverages	en:plant-based-foods-and-beverages,en:beverages,en:plant-based-foods,en:coffees,en:coffee-drinks,en:sweetened-beverages,en:non-alcoholic-beverages	Taiwan	taiwan	Taiwan	taiwan							Sydney,NSW,Australia	Asian Supermarkets	Australia, United States	WAter, Coffee Extract, Sugar, Milk Powder, Emulsifier (E473,E322).  					240ml	240		2	en:e322,en:e473	0			0				4	Beverages	Sweetened beverages	en:to-be-checked, en:complete, en:nutrition-facts-completed, en:ingredients-completed, en:expiration-date-completed, en:packaging-code-to-be-completed, en:characteristics-completed, en:categories-completed, en:brands-completed, en:packaging-completed, en:quantity-completed, en:product-name-completed, en:photos-validated, en:photos-uploaded	en:coffee-drinks	https://static.openfoodfacts.org/images/products/002/561/620/2501/front_en.9.400.jpg	https://static.openfoodfacts.org/images/products/002/561/620/2501/front_en.9.200.jpg	https://static.openfoodfacts.org/images/products/002/561/620/2501/front_en.9.400.jpg	https://static.openfoodfacts.org/images/products/002/561/620/2501/front_en.9.200.jpg	https://static.openfoodfacts.org/images/products/002/561/620/2501/ingredients_en.10.400.jpg	https://static.openfoodfacts.org/images/products/002/561/620/2501/ingredients_en.10.200.jpg	https://static.openfoodfacts.org/images/products/002/561/620/2501/nutrition_en.11.400.jpg	https://static.openfoodfacts.org/images/products/002/561/620/2501/nutrition_en.11.200.jpg	43		0.917	0.583																																	0.0833	0.003	7.71	7.08										0.917				0.0889	0.035																																																				
9311493750015	https://world.openfoodfacts.org/product/9311493750015	svendowideit	1424595781	1489142907	ginger beer		750 ml			bundaberg	bundaberg	Beverages, Non-Alcoholic beverages, Ginger beer, Non-alcoholic beers, Sweetened beverages	en:beverages,en:non-alcoholic-beverages,en:non-alcoholic-beers,en:ginger-beer,en:sweetened-beverages													Australia, United States	Carbonated water, cane sugar, ginger root, natural flavours, acid (citric acid), yeast, preservatives (202, 211), antioxidant (ascorbit acid)					250 mk	0		4	en:e202,en:e211,en:e300,en:e330	0			0			e	4	Beverages	Sweetened beverages	en:to-be-completed, en:nutrition-facts-completed, en:ingredients-completed, en:expiration-date-to-be-completed, en:packaging-code-to-be-completed, en:characteristics-to-be-completed, en:categories-completed, en:brands-completed, en:packaging-to-be-completed, en:quantity-completed, en:product-name-completed, en:photos-validated, en:photos-uploaded	en:ginger-beer	https://static.openfoodfacts.org/images/products/931/149/375/0015/front_en.3.400.jpg	https://static.openfoodfacts.org/images/products/931/149/375/0015/front_en.3.200.jpg	https://static.openfoodfacts.org/images/products/931/149/375/0015/front_en.3.400.jpg	https://static.openfoodfacts.org/images/products/931/149/375/0015/front_en.3.200.jpg	https://static.openfoodfacts.org/images/products/931/149/375/0015/ingredients_en.8.400.jpg	https://static.openfoodfacts.org/images/products/931/149/375/0015/ingredients_en.8.200.jpg	https://static.openfoodfacts.org/images/products/931/149/375/0015/nutrition_en.9.400.jpg	https://static.openfoodfacts.org/images/products/931/149/375/0015/nutrition_en.9.200.jpg	184		0	0																																			10.8	10.8										0				0.02794	0.011																																												15	2							
26130934	https://world.openfoodfacts.org/product/26130934	foodorigins	1466675712	1467249237	Cola Zero Sugar		1.25 l	Plastic,Bottle	plastic,bottle	Regal Soft Drink Co,Aldi	regal-soft-drink-co,aldi	Beverages, Carbonated drinks, Sodas, Sweetened beverages	en:beverages,en:carbonated-drinks,en:sodas,en:sweetened-beverages,en:non-alcoholic-beverages	Australia	australia			Australian made	en:australian-made					Wyoming,NSW,Australia	Aldi	Australia						250 ml	250										c		Beverages	Sweetened beverages	en:to-be-completed, en:nutrition-facts-completed, en:ingredients-to-be-completed, en:expiration-date-to-be-completed, en:characteristics-completed, en:categories-completed, en:brands-completed, en:packaging-completed, en:quantity-completed, en:product-name-completed, en:photos-validated, en:photos-uploaded	en:sodas	https://static.openfoodfacts.org/images/products/26130934/front_en.11.400.jpg	https://static.openfoodfacts.org/images/products/26130934/front_en.11.200.jpg	https://static.openfoodfacts.org/images/products/26130934/front_en.11.400.jpg	https://static.openfoodfacts.org/images/products/26130934/front_en.11.200.jpg	https://static.openfoodfacts.org/images/products/26130934/ingredients_en.8.400.jpg	https://static.openfoodfacts.org/images/products/26130934/ingredients_en.8.200.jpg	https://static.openfoodfacts.org/images/products/26130934/nutrition_en.9.400.jpg	https://static.openfoodfacts.org/images/products/26130934/nutrition_en.9.200.jpg	2		0	0																																			0.1	0.01									0	0				0.03048	0.012																																												2	0							
9310232953618	https://world.openfoodfacts.org/product/9310232953618	clockwerx	1464749915	1464845390	Iced Coffee Strong	Iced Coffee	600 ml	Box	box	Farmers Union	farmers-union	Beverages, Coffee drinks, Iced coffees, Sweetened beverages, Unsweetened beverages	en:beverages,en:coffee-drinks,en:iced-coffees,en:sweetened-beverages,en:non-alcoholic-beverages	South Australia,Australia	south-australia,australia	Salisbury,South Australia,Australia	salisbury,south-australia,australia							Rosewater,South Australia,Australia	Coles,Woolworths	Australia	Reduced Fat _Milk_, Water, Sugar, Coffee Power (0.7%), Flavour, Colour (150d)	Milk	en:milk			600 ml	600		1	en:e150d	0			0			e	4	Beverages	Sweetened beverages	en:to-be-checked, en:complete, en:nutrition-facts-completed, en:ingredients-completed, en:expiration-date-completed, en:characteristics-completed, en:categories-completed, en:brands-completed, en:packaging-completed, en:quantity-completed, en:product-name-completed, en:photos-validated, en:photos-uploaded	en:iced-coffees	https://static.openfoodfacts.org/images/products/931/023/295/3618/front_en.13.400.jpg	https://static.openfoodfacts.org/images/products/931/023/295/3618/front_en.13.200.jpg	https://static.openfoodfacts.org/images/products/931/023/295/3618/front_en.13.400.jpg	https://static.openfoodfacts.org/images/products/931/023/295/3618/front_en.13.200.jpg	https://static.openfoodfacts.org/images/products/931/023/295/3618/ingredients_en.15.400.jpg	https://static.openfoodfacts.org/images/products/931/023/295/3618/ingredients_en.15.200.jpg	https://static.openfoodfacts.org/images/products/931/023/295/3618/nutrition_en.16.400.jpg	https://static.openfoodfacts.org/images/products/931/023/295/3618/nutrition_en.16.200.jpg	248		1.7	1																																			8.2	7.7										2.8				0.08636	0.034																					0.099												0.019											15	0							
90415845	https://world.openfoodfacts.org/product/90415845	foodorigins	1462328295	1464614476	Red Bull Summer Edition Tropical Flavour	Soda	250ml	Canned	canned	Red Bull	red-bull	Beverages, Carbonated drinks, Sodas, Energy drinks, Sweetened beverages	en:beverages,en:carbonated-drinks,en:sodas,en:energy-drinks,en:sweetened-beverages,en:non-alcoholic-beverages													Australia							0												Beverages	Sweetened beverages	en:to-be-completed, en:nutrition-facts-to-be-completed, en:ingredients-to-be-completed, en:expiration-date-to-be-completed, en:characteristics-completed, en:categories-completed, en:brands-completed, en:packaging-completed, en:quantity-completed, en:product-name-completed, en:photos-to-be-validated, en:photos-uploaded	en:energy-drinks	https://static.openfoodfacts.org/images/products/90415845/front_en.10.400.jpg	https://static.openfoodfacts.org/images/products/90415845/front_en.10.200.jpg	https://static.openfoodfacts.org/images/products/90415845/front_en.10.400.jpg	https://static.openfoodfacts.org/images/products/90415845/front_en.10.200.jpg																																																																																																															
8002270018794	https://world.openfoodfacts.org/product/8002270018794	foodorigins	1464066975	1464153317	San Pellegrino Limonata	Limonata	330ml	Bottle	bottle	San Pellegrino	san-pellegrino	Beverages, Carbonated drinks, Sodas, Sweetened beverages	en:beverages,en:carbonated-drinks,en:sodas,en:sweetened-beverages,en:non-alcoholic-beverages													Australia							0												Beverages	Sweetened beverages	en:to-be-completed, en:nutrition-facts-to-be-completed, en:ingredients-to-be-completed, en:expiration-date-to-be-completed, en:characteristics-completed, en:categories-completed, en:brands-completed, en:packaging-completed, en:quantity-completed, en:product-name-completed, en:photos-to-be-validated, en:photos-uploaded	en:sodas	https://static.openfoodfacts.org/images/products/800/227/001/8794/front_en.3.400.jpg	https://static.openfoodfacts.org/images/products/800/227/001/8794/front_en.3.200.jpg	https://static.openfoodfacts.org/images/products/800/227/001/8794/front_en.3.400.jpg	https://static.openfoodfacts.org/images/products/800/227/001/8794/front_en.3.200.jpg			https://static.openfoodfacts.org/images/products/800/227/001/8794/nutrition_en.7.400.jpg	https://static.openfoodfacts.org/images/products/800/227/001/8794/nutrition_en.7.200.jpg																																																																																																											
4902179015785	https://world.openfoodfacts.org/product/4902179015785	foodorigins	1462533580	1462608726	Japanese Citrus Soda		350g	Canned	canned	Sangaria	sangaria	Beverages, Carbonated drinks, Sodas, Lemonades, Sweetened beverages	en:beverages,en:carbonated-drinks,en:sodas,en:lemonades,en:sweetened-beverages,en:non-alcoholic-beverages	Japan	japan	Japan	japan							Sydney,NSw,Australia	Daiso	Australia							0												Beverages	Sweetened beverages	en:to-be-completed, en:nutrition-facts-to-be-completed, en:ingredients-to-be-completed, en:expiration-date-completed, en:characteristics-completed, en:categories-completed, en:brands-completed, en:packaging-completed, en:quantity-completed, en:product-name-completed, en:photos-validated, en:photos-uploaded	en:lemonades	https://static.openfoodfacts.org/images/products/490/217/901/5785/front_en.6.400.jpg	https://static.openfoodfacts.org/images/products/490/217/901/5785/front_en.6.200.jpg	https://static.openfoodfacts.org/images/products/490/217/901/5785/front_en.6.400.jpg	https://static.openfoodfacts.org/images/products/490/217/901/5785/front_en.6.200.jpg	https://static.openfoodfacts.org/images/products/490/217/901/5785/ingredients_en.7.400.jpg	https://static.openfoodfacts.org/images/products/490/217/901/5785/ingredients_en.7.200.jpg	https://static.openfoodfacts.org/images/products/490/217/901/5785/nutrition_en.8.400.jpg	https://static.openfoodfacts.org/images/products/490/217/901/5785/nutrition_en.8.200.jpg																																																																																																											
9300624407652	https://world.openfoodfacts.org/product/9300624407652	foodorigins	1448620854	1456481990	Orange & Mango With Natural Mineral Water		1.25L	Plastic Bottle	plastic-bottle	Deep Spring,Coca-Cola Amatil	deep-spring,coca-cola-amatil	Beverages, Waters, Carbonated drinks, Spring waters, Mineral waters, Sodas, Sweetened beverages	en:beverages,en:waters,en:carbonated-drinks,en:spring-waters,en:mineral-waters,en:sodas,en:sweetened-beverages,en:non-alcoholic-beverages	Australia	australia	Australia	australia	Organic Fruit Juice	en:organic-fruit-juice					NSW,Australia	Coles,Bilo,Woolworths	Australia	Carbonated Water (Mineral water 80%, Purified water 11%), Sugar, Organic Juices from Concentrate (Orange 4.5%, Mango 0.5%), Food Acid (330), Natural Flavour, Preservative (211), Natural Colours (161b, 120)					250ml	250		4	en:e120,en:e161b,en:e211,en:e330	0			0			a	4	Beverages	Sweetened beverages	en:to-be-checked, en:complete, en:nutrition-facts-completed, en:ingredients-completed, en:expiration-date-completed, en:characteristics-completed, en:categories-completed, en:brands-completed, en:packaging-completed, en:quantity-completed, en:product-name-completed, en:photos-validated, en:photos-uploaded	en:mineral-waters	https://static.openfoodfacts.org/images/products/930/062/440/7652/front_en.6.400.jpg	https://static.openfoodfacts.org/images/products/930/062/440/7652/front_en.6.200.jpg	https://static.openfoodfacts.org/images/products/930/062/440/7652/front_en.6.400.jpg	https://static.openfoodfacts.org/images/products/930/062/440/7652/front_en.6.200.jpg	https://static.openfoodfacts.org/images/products/930/062/440/7652/ingredients_en.10.400.jpg	https://static.openfoodfacts.org/images/products/930/062/440/7652/ingredients_en.10.200.jpg	https://static.openfoodfacts.org/images/products/930/062/440/7652/nutrition_en.11.400.jpg	https://static.openfoodfacts.org/images/products/930/062/440/7652/nutrition_en.11.200.jpg	130		1	0																																			7.4	7.3										1				0.016002	0.0063																																												10	1							
9300624028765	https://world.openfoodfacts.org/product/9300624028765	foodorigins	1453351073	1453862316	Deep Spring Orange Berry Twist		1.25l	Plastic Bottle	plastic-bottle	Deep Spring,Coca Cola Amatil	deep-spring,coca-cola-amatil	Beverages, Carbonated drinks, Sodas, Sweetened beverages, Flavoured Mineral Water	en:beverages,en:carbonated-drinks,en:sodas,en:sweetened-beverages,en:flavoured-mineral-water,en:non-alcoholic-beverages	Australia	australia	Australia	australia							NSW,Australia	Coles,Bilo	Australia	Carbonated Water (Mineral water 80%, Purified water 11%), Sugar, Organic Juices from Concentrate (Blackcurrant 2.0%, Cranberry 2.0%, Orange 1.0%), Natural Flavours, Food Acid (330), Preservative (211)					250ml	250		2	en:e211,en:e330	0			0			e	4	Beverages	Sweetened beverages	en:to-be-checked, en:complete, en:nutrition-facts-completed, en:ingredients-completed, en:expiration-date-completed, en:characteristics-completed, en:categories-completed, en:brands-completed, en:packaging-completed, en:quantity-completed, en:product-name-completed, en:photos-validated, en:photos-uploaded	en:sodas	https://static.openfoodfacts.org/images/products/930/062/402/8765/front_en.6.400.jpg	https://static.openfoodfacts.org/images/products/930/062/402/8765/front_en.6.200.jpg	https://static.openfoodfacts.org/images/products/930/062/402/8765/front_en.6.400.jpg	https://static.openfoodfacts.org/images/products/930/062/402/8765/front_en.6.200.jpg	https://static.openfoodfacts.org/images/products/930/062/402/8765/ingredients_en.7.400.jpg	https://static.openfoodfacts.org/images/products/930/062/402/8765/ingredients_en.7.200.jpg	https://static.openfoodfacts.org/images/products/930/062/402/8765/nutrition_en.8.400.jpg	https://static.openfoodfacts.org/images/products/930/062/402/8765/nutrition_en.8.200.jpg	141		1	1																																			8	7.9										1				0.013462	0.0053																																												11	1							
9310036044826	https://world.openfoodfacts.org/product/9310036044826	foodorigins	1453351117	1453861937	Ice Break Real Ice coffee Ice Cold Stripped		500ml	Plastic Bottle	plastic-bottle	Ice Break,Parmalat	ice-break,parmalat	Beverages, Dairies, Artificially sweetened beverages, Dairy drinks, Flavoured milks, Coffee drinks, Iced coffees	en:beverages,en:dairies,en:artificially-sweetened-beverages,en:dairy-drinks,en:coffee-drinks,en:flavoured-milks,en:iced-coffees,en:non-alcoholic-beverages,en:sweetened-beverages	Australia	australia	Australia	australia	Low or no sugar, Low sugar, Reduced sugar, 30% less sugar, Nothing Artificial	en:low-or-no-sugar,en:low-sugar,en:reduced-sugar,en:30-less-sugar,en:nothing-artificial					NSW,Australia	Coles,Bilo,Woolworths	Australia	Pasturised Reduced Fat Milk With Coffee. Reduced Fat Milk, Sugar, Coffee (1%), Natural Sweetener Stevia (960).					250ml	250		1	en:e960	0			0			a	4	Milk and dairy products	Milk and yogurt	en:to-be-checked, en:complete, en:nutrition-facts-completed, en:ingredients-completed, en:expiration-date-completed, en:characteristics-completed, en:categories-completed, en:brands-completed, en:packaging-completed, en:quantity-completed, en:product-name-completed, en:photos-validated, en:photos-uploaded	en:iced-coffees	https://static.openfoodfacts.org/images/products/931/003/604/4826/front_en.6.400.jpg	https://static.openfoodfacts.org/images/products/931/003/604/4826/front_en.6.200.jpg	https://static.openfoodfacts.org/images/products/931/003/604/4826/front_en.6.400.jpg	https://static.openfoodfacts.org/images/products/931/003/604/4826/front_en.6.200.jpg	https://static.openfoodfacts.org/images/products/931/003/604/4826/ingredients_en.8.400.jpg	https://static.openfoodfacts.org/images/products/931/003/604/4826/ingredients_en.8.200.jpg	https://static.openfoodfacts.org/images/products/931/003/604/4826/nutrition_en.9.400.jpg	https://static.openfoodfacts.org/images/products/931/003/604/4826/nutrition_en.9.200.jpg	240		1.5	1																																			7.2	6.6										3.8				0.10414	0.041																					0.125																							-1	-1							
8002270296505	https://world.openfoodfacts.org/product/8002270296505	foodorigins	1449047958	1451874494	Aranciata Rossa Sparking Blood Orange		6 Pack 375ml	Canned,Plastic	canned,plastic	San Pellegrino	san-pellegrino	Beverages, Carbonated drinks, Sodas, Sweetened beverages, Sparking juice	en:beverages,en:carbonated-drinks,en:sodas,en:sweetened-beverages,en:sparking-juice,en:non-alcoholic-beverages	Italy	italy	Italy	italy									Australia							0												Beverages	Sweetened beverages	en:to-be-completed, en:nutrition-facts-to-be-completed, en:ingredients-to-be-completed, en:expiration-date-to-be-completed, en:characteristics-completed, en:categories-completed, en:brands-completed, en:packaging-completed, en:quantity-completed, en:product-name-completed, en:photos-validated, en:photos-uploaded	en:sodas	https://static.openfoodfacts.org/images/products/800/227/029/6505/front_en.8.400.jpg	https://static.openfoodfacts.org/images/products/800/227/029/6505/front_en.8.200.jpg	https://static.openfoodfacts.org/images/products/800/227/029/6505/front_en.8.400.jpg	https://static.openfoodfacts.org/images/products/800/227/029/6505/front_en.8.200.jpg	https://static.openfoodfacts.org/images/products/800/227/029/6505/ingredients_en.9.400.jpg	https://static.openfoodfacts.org/images/products/800/227/029/6505/ingredients_en.9.200.jpg	https://static.openfoodfacts.org/images/products/800/227/029/6505/nutrition_en.10.400.jpg	https://static.openfoodfacts.org/images/products/800/227/029/6505/nutrition_en.10.200.jpg																																																																																																											
22000224	https://world.openfoodfacts.org/product/22000224	foodorigins	1451100741	1451467855	Lemonade		1.25L	Plastic Bottle	plastic-bottle	Fizzi,Aldi	fizzi,aldi	Beverages, Carbonated drinks, Sodas, Lemonades, Sweetened beverages	en:beverages,en:carbonated-drinks,en:sodas,en:lemonades,en:sweetened-beverages,en:non-alcoholic-beverages	Australia	australia	Australia	australia	Australian made, Suitable for Vegetarians and Vegans	en:australian-made,en:suitable-for-vegetarians-and-vegans					NSW,Australia	Aldi	Australia	Carbonated Water, Sugar, Acidity Regulator (330), Natural Flavour, Preservatives (211,202).					250ml	250		3	en:e202,en:e211,en:e330	0			0				4	Beverages	Sweetened beverages	en:to-be-checked, en:complete, en:nutrition-facts-completed, en:ingredients-completed, en:expiration-date-completed, en:characteristics-completed, en:categories-completed, en:brands-completed, en:packaging-completed, en:quantity-completed, en:product-name-completed, en:photos-validated, en:photos-uploaded	en:lemonades	https://static.openfoodfacts.org/images/products/22000224/front_en.6.400.jpg	https://static.openfoodfacts.org/images/products/22000224/front_en.6.200.jpg	https://static.openfoodfacts.org/images/products/22000224/front_en.6.400.jpg	https://static.openfoodfacts.org/images/products/22000224/front_en.6.200.jpg	https://static.openfoodfacts.org/images/products/22000224/ingredients_en.7.400.jpg	https://static.openfoodfacts.org/images/products/22000224/ingredients_en.7.200.jpg	https://static.openfoodfacts.org/images/products/22000224/nutrition_en.8.400.jpg	https://static.openfoodfacts.org/images/products/22000224/nutrition_en.8.200.jpg	186																																						10.6	10.6														0.02286	0.009																																																				
9300624407669	https://world.openfoodfacts.org/product/9300624407669	foodorigins	1451100773	1451467445	Orange, Lemon & Lime		1.25L	Plastic Bottle	plastic-bottle	Deep Spring,Coca-Cola Amatil	deep-spring,coca-cola-amatil	Beverages, Waters, Spring waters, Mineral waters, Sweetened beverages	en:beverages,en:waters,en:spring-waters,en:mineral-waters,en:sweetened-beverages,en:non-alcoholic-beverages	Australia	australia	Australia	australia	Organic	en:organic					NSW,Australia	Coles,Bilo,Woolworths	Australia	Carbonated Water, Sugar, Juices From Concentrate (Orange 2.8%, Lemon 1.6%, Lime 0.6%), Natural Flavour, Food Acid (330), Preservative (211), Natural Colour (Carthamus Yellow).					250ml	250		2	en:e211,en:e330	0			0			a	4	Beverages	Sweetened beverages	en:to-be-checked, en:complete, en:nutrition-facts-completed, en:ingredients-completed, en:expiration-date-completed, en:characteristics-completed, en:categories-completed, en:brands-completed, en:packaging-completed, en:quantity-completed, en:product-name-completed, en:photos-validated, en:photos-uploaded	en:mineral-waters	https://static.openfoodfacts.org/images/products/930/062/440/7669/front_en.6.400.jpg	https://static.openfoodfacts.org/images/products/930/062/440/7669/front_en.6.200.jpg	https://static.openfoodfacts.org/images/products/930/062/440/7669/front_en.6.400.jpg	https://static.openfoodfacts.org/images/products/930/062/440/7669/front_en.6.200.jpg	https://static.openfoodfacts.org/images/products/930/062/440/7669/ingredients_en.7.400.jpg	https://static.openfoodfacts.org/images/products/930/062/440/7669/ingredients_en.7.200.jpg	https://static.openfoodfacts.org/images/products/930/062/440/7669/nutrition_en.8.400.jpg	https://static.openfoodfacts.org/images/products/930/062/440/7669/nutrition_en.8.200.jpg	140		1	1																																			8	7.9														0.014732	0.0058																																												11	1							
9300675031226	https://world.openfoodfacts.org/product/9300675031226	openfoodfacts-contributors	1440424505	1445165006	Coca-Cola Zero		600mL			The Coca-Cola Company	the-coca-cola-company	Beverages, Carbonated drinks, Sodas, Colas, Sweetened beverages	en:beverages,en:carbonated-drinks,en:sodas,en:colas,en:sweetened-beverages,en:non-alcoholic-beverages													Australia							0												Beverages	Sweetened beverages	en:to-be-completed, en:nutrition-facts-to-be-completed, en:ingredients-to-be-completed, en:expiration-date-to-be-completed, en:characteristics-to-be-completed, en:categories-completed, en:brands-completed, en:packaging-to-be-completed, en:quantity-completed, en:product-name-completed, en:photos-to-be-validated, en:photos-uploaded	en:colas	https://static.openfoodfacts.org/images/products/930/067/503/1226/front_en.3.400.jpg	https://static.openfoodfacts.org/images/products/930/067/503/1226/front_en.3.200.jpg	https://static.openfoodfacts.org/images/products/930/067/503/1226/front_en.3.400.jpg	https://static.openfoodfacts.org/images/products/930/067/503/1226/front_en.3.200.jpg																																																																																																															
9345905002058	https://world.openfoodfacts.org/product/9345905002058	foodorigins	1442370463	1444959624	Passion Crush		375ml	Canned	canned	Tru Blu	tru-blu	Beverages, Carbonated drinks, Sodas, Sweetened beverages	en:beverages,en:carbonated-drinks,en:sodas,en:sweetened-beverages,en:non-alcoholic-beverages,en:artificially-sweetened-beverages	Australia,Imported Unknown	australia,imported-unknown	Australia	australia	100% Australian Made & Owned, Natural Colours, Natural Flavours	en:100-australian-made-owned,en:natural-colours,en:natural-flavours					Melbourne,VIC,Australia	IGA,Woolworths	Australia	CARBONATED WATER, SUGAR, FOOD ACID (CITRIC), NATURAL FLAVOURS, PRESERVATIVE (211), NATURAL COLOURS (161b, 120), SWEETENER (961).    						0		4	en:e120,en:e161b,en:e211,en:e961	0			0				4	Beverages	Artificially sweetened beverages	en:to-be-checked, en:complete, en:nutrition-facts-completed, en:ingredients-completed, en:expiration-date-completed, en:characteristics-completed, en:categories-completed, en:brands-completed, en:packaging-completed, en:quantity-completed, en:product-name-completed, en:photos-validated, en:photos-uploaded	en:artificially-sweetened-beverages	https://static.openfoodfacts.org/images/products/934/590/500/2058/front_en.6.400.jpg	https://static.openfoodfacts.org/images/products/934/590/500/2058/front_en.6.200.jpg	https://static.openfoodfacts.org/images/products/934/590/500/2058/front_en.6.400.jpg	https://static.openfoodfacts.org/images/products/934/590/500/2058/front_en.6.200.jpg	https://static.openfoodfacts.org/images/products/934/590/500/2058/ingredients_en.7.400.jpg	https://static.openfoodfacts.org/images/products/934/590/500/2058/ingredients_en.7.200.jpg	https://static.openfoodfacts.org/images/products/934/590/500/2058/nutrition_en.10.400.jpg	https://static.openfoodfacts.org/images/products/934/590/500/2058/nutrition_en.10.200.jpg	148																																						8.7	8.7														0.03048	0.012																																																				
9345905001945	https://world.openfoodfacts.org/product/9345905001945	foodorigins	1442404396	1444957702	LA Ice Cola		375ml	Canned	canned	Tru Blu,LA ICE	tru-blu,la-ice	Beverages, Carbonated drinks, Sodas, Colas, Sweetened beverages	en:beverages,en:carbonated-drinks,en:sodas,en:colas,en:sweetened-beverages,en:non-alcoholic-beverages	Australia	australia	Australia	australia							Melbourne,VIC,Australia	IGA,Woolworths	Australia	    CARBONATED WATER, SUGAR, COLOUR CARAMEL IV (150d), FOOD ACID (338) (PHOSPHORIC ACID), CAFFEINE, NATURAL FLAVOUR. CONTAINS CAFFEINE.    					375ml	375		2	en:e150d,en:e338	0			0				4	Beverages	Sweetened beverages	en:to-be-checked, en:complete, en:nutrition-facts-completed, en:ingredients-completed, en:expiration-date-completed, en:characteristics-completed, en:categories-completed, en:brands-completed, en:packaging-completed, en:quantity-completed, en:product-name-completed, en:photos-validated, en:photos-uploaded	en:colas	https://static.openfoodfacts.org/images/products/934/590/500/1945/front_en.7.400.jpg	https://static.openfoodfacts.org/images/products/934/590/500/1945/front_en.7.200.jpg	https://static.openfoodfacts.org/images/products/934/590/500/1945/front_en.7.400.jpg	https://static.openfoodfacts.org/images/products/934/590/500/1945/front_en.7.200.jpg	https://static.openfoodfacts.org/images/products/934/590/500/1945/ingredients_en.9.400.jpg	https://static.openfoodfacts.org/images/products/934/590/500/1945/ingredients_en.9.200.jpg	https://static.openfoodfacts.org/images/products/934/590/500/1945/nutrition_en.10.400.jpg	https://static.openfoodfacts.org/images/products/934/590/500/1945/nutrition_en.10.200.jpg	196																																						11.5	11.4														0.0127	0.005																																																				
9345905002065	https://world.openfoodfacts.org/product/9345905002065	foodorigins	1442475599	1444913194	Orange Crush		375ml	Canned	canned	Tru Blu	tru-blu	Beverages, Carbonated drinks, Sodas, Sweetened beverages	en:beverages,en:carbonated-drinks,en:sodas,en:sweetened-beverages,en:non-alcoholic-beverages,en:artificially-sweetened-beverages	Australia	australia	Australia	australia	100% Australian Owned, Made in Australia, Natural Colours, Natural Flavours	en:100-australian-owned,en:made-in-australia,en:natural-colours,en:natural-flavours					Melbourne,VIC,Australia	IGA,Woolworths	Australia	Carbonated Water, Sugar, Food Acid (Citric Acid), Natural Flavours, Preservative (211),Natural Colours (Carmine, Mixed Carotenes), Sweetener (961).					375ml	375		5	en:e120,en:e160a,en:e211,en:e330,en:e961	0			0				4	Beverages	Artificially sweetened beverages	en:to-be-checked, en:complete, en:nutrition-facts-completed, en:ingredients-completed, en:expiration-date-completed, en:characteristics-completed, en:categories-completed, en:brands-completed, en:packaging-completed, en:quantity-completed, en:product-name-completed, en:photos-validated, en:photos-uploaded	en:artificially-sweetened-beverages	https://static.openfoodfacts.org/images/products/934/590/500/2065/front_en.6.400.jpg	https://static.openfoodfacts.org/images/products/934/590/500/2065/front_en.6.200.jpg	https://static.openfoodfacts.org/images/products/934/590/500/2065/front_en.6.400.jpg	https://static.openfoodfacts.org/images/products/934/590/500/2065/front_en.6.200.jpg	https://static.openfoodfacts.org/images/products/934/590/500/2065/ingredients_en.7.400.jpg	https://static.openfoodfacts.org/images/products/934/590/500/2065/ingredients_en.7.200.jpg	https://static.openfoodfacts.org/images/products/934/590/500/2065/nutrition_en.8.400.jpg	https://static.openfoodfacts.org/images/products/934/590/500/2065/nutrition_en.8.200.jpg	186																																						10.8	10.8														0.02794	0.011																																																				
9315596002767	https://world.openfoodfacts.org/product/9315596002767	rjhunter	1438501680	1444633300	Solo Original Lemon		375 mL	Canned	canned	Solo,Schweppes Australia	solo,schweppes-australia	Beverages, Carbonated drinks, Sodas, Sweetened beverages	en:beverages,en:carbonated-drinks,en:sodas,en:sweetened-beverages,en:non-alcoholic-beverages													Australia						375 mL	375										e		Beverages	Sweetened beverages	en:to-be-completed, en:nutrition-facts-completed, en:ingredients-to-be-completed, en:expiration-date-to-be-completed, en:characteristics-completed, en:categories-completed, en:brands-completed, en:packaging-completed, en:quantity-completed, en:product-name-completed, en:photos-to-be-validated, en:photos-uploaded	en:sodas	https://static.openfoodfacts.org/images/products/931/559/600/2767/front_en.8.400.jpg	https://static.openfoodfacts.org/images/products/931/559/600/2767/front_en.8.200.jpg	https://static.openfoodfacts.org/images/products/931/559/600/2767/front_en.8.400.jpg	https://static.openfoodfacts.org/images/products/931/559/600/2767/front_en.8.200.jpg			https://static.openfoodfacts.org/images/products/931/559/600/2767/nutrition_en.6.400.jpg	https://static.openfoodfacts.org/images/products/931/559/600/2767/nutrition_en.6.200.jpg	200		0	0																																			11.5	11.5										0.05				0.04572	0.018																																												15	2							
9300624008231	https://world.openfoodfacts.org/product/9300624008231	rjhunter	1438857186	1444633047	Creaming Soda		375 mL	aluminium,canned	aluminium,canned	Kirk's	kirk-s	Beverages, Carbonated drinks, Sodas, Sweetened beverages	en:beverages,en:carbonated-drinks,en:sodas,en:sweetened-beverages,en:non-alcoholic-beverages			Australia	australia							Victoria,Australia	Super Tasty Rooster	Australia						375 mL	375										e		Beverages	Sweetened beverages	en:to-be-completed, en:nutrition-facts-completed, en:ingredients-to-be-completed, en:expiration-date-to-be-completed, en:characteristics-completed, en:categories-completed, en:brands-completed, en:packaging-completed, en:quantity-completed, en:product-name-completed, en:photos-to-be-validated, en:photos-uploaded	en:sodas	https://static.openfoodfacts.org/images/products/930/062/400/8231/front_en.8.400.jpg	https://static.openfoodfacts.org/images/products/930/062/400/8231/front_en.8.200.jpg	https://static.openfoodfacts.org/images/products/930/062/400/8231/front_en.8.400.jpg	https://static.openfoodfacts.org/images/products/930/062/400/8231/front_en.8.200.jpg			https://static.openfoodfacts.org/images/products/930/062/400/8231/nutrition_en.6.400.jpg	https://static.openfoodfacts.org/images/products/930/062/400/8231/nutrition_en.6.200.jpg	176		0	0																																			10.2	10.2										0				0.012192	0.0048																																												13	2							
9300624611936	https://world.openfoodfacts.org/product/9300624611936	rjhunter	1439621752	1444632536	Kirk's Old Stoney Ginger Beer	ginger beer	375 mL	canned,aluminium	canned,aluminium	Kirk's	kirk-s	Beverages, Non-Alcoholic beverages, Ginger beer, Non-alcoholic beers, Sweetened beverages	en:beverages,en:non-alcoholic-beverages,en:non-alcoholic-beers,en:ginger-beer,en:sweetened-beverages											Melbourne,Victoria,Australia	Super Tasty Rooster	Australia	Carbonated water, sugar, natural flavour, food acid (330), preservative (211), natural colour (caramel 150a).					375 mL	375		3	en:e150a,en:e211,en:e330	0			0			e	4	Beverages	Sweetened beverages	en:to-be-checked, en:complete, en:nutrition-facts-completed, en:ingredients-completed, en:expiration-date-to-be-completed, en:characteristics-completed, en:categories-completed, en:brands-completed, en:packaging-completed, en:quantity-completed, en:product-name-completed, en:photos-validated, en:photos-uploaded	en:ginger-beer	https://static.openfoodfacts.org/images/products/930/062/461/1936/front_en.10.400.jpg	https://static.openfoodfacts.org/images/products/930/062/461/1936/front_en.10.200.jpg	https://static.openfoodfacts.org/images/products/930/062/461/1936/front_en.10.400.jpg	https://static.openfoodfacts.org/images/products/930/062/461/1936/front_en.10.200.jpg	https://static.openfoodfacts.org/images/products/930/062/461/1936/ingredients_en.6.400.jpg	https://static.openfoodfacts.org/images/products/930/062/461/1936/ingredients_en.6.200.jpg	https://static.openfoodfacts.org/images/products/930/062/461/1936/nutrition_en.7.400.jpg	https://static.openfoodfacts.org/images/products/930/062/461/1936/nutrition_en.7.200.jpg	214		0	0																																			12.5	12.5										0				0.012192	0.0048	0																																											17	2							
22012401	https://world.openfoodfacts.org/product/22012401	foodorigins	1426230651	1426232412	Fizzi Diet Lemonade		1.25l	Plastic Bottle	plastic-bottle	Fizzi,Aldi	fizzi,aldi	Beverages, Carbonated drinks, Sodas, Lemonades, Sweetened beverages, Fizzy Drinks	en:beverages,en:carbonated-drinks,en:sodas,en:lemonades,en:sweetened-beverages,en:fizzy-drinks,en:non-alcoholic-beverages,en:artificially-sweetened-beverages	Australia,Imported Unknown	australia,imported-unknown	Australia	australia							NSW,Australia	Aldi	Australia	Carbonated Water, Acidity Regulator (830), Natural Flavour, Sweeteners (952,950,951),Preservative (211).					250ml	250		4	en:e211,en:e950,en:e951,en:e952	0			0			b	4	Beverages	Artificially sweetened beverages	en:to-be-checked, en:complete, en:nutrition-facts-completed, en:ingredients-completed, en:expiration-date-to-be-completed, en:characteristics-completed, en:categories-completed, en:brands-completed, en:packaging-completed, en:quantity-completed, en:product-name-completed, en:photos-validated, en:photos-uploaded	en:lemonades	https://static.openfoodfacts.org/images/products/22012401/front_en.10.400.jpg	https://static.openfoodfacts.org/images/products/22012401/front_en.10.200.jpg	https://static.openfoodfacts.org/images/products/22012401/front_en.10.400.jpg	https://static.openfoodfacts.org/images/products/22012401/front_en.10.200.jpg	https://static.openfoodfacts.org/images/products/22012401/ingredients_en.11.400.jpg	https://static.openfoodfacts.org/images/products/22012401/ingredients_en.11.200.jpg	https://static.openfoodfacts.org/images/products/22012401/nutrition_en.12.400.jpg	https://static.openfoodfacts.org/images/products/22012401/nutrition_en.12.200.jpg	2		0	0																																			0.1	0									0	0				0.0381	0.015																																												1	0							
